indicativo,lat,lon,alt,ubi
0002I,40.95806,0.871385,32.0,VANDELLÓS
0009X,41.213892,0.963335,406.0,ALFORJA
0016A,41.145,1.163611,71.0,REUS  AEROPUERTO
0034X,41.293053,1.260838,233.0,VALLS
0042Y,41.123892,1.249167,55.0,TARRAGONA  FAC. GEOGRAFIA
0061X,41.417052,1.519269,632.0,PONTONS
0066X,41.330279,1.676942,177.0,VILAFRANCA DEL PENEDÈS
0073X,41.243784,1.852626,58.0,SITGES  VALLCARCA
0076,41.292781,2.069995,4.0,BARCELONA  AEROPUERTO
0092X,42.101388,1.857494,682.0,BERGA  INSTITUTO
0106X,41.866387,1.872504,361.0,BALSARENY
0114X,42.007057,2.026561,700.0,PRATS DE LLUÇANÈS
0120X,41.813278,2.09539,742.0,MOIÀ
0131X,41.947979,1.601584,609.0,RINER - XIXONS
0149X,41.719881,1.84028,291.0,MANRESA
0158X,41.594444,1.839223,738.0,MONTSERRAT
0171F,41.5875,1.599167,348.0,IGUALADA - MUNTANYETA
0194D,41.408192,1.885,647.0,CORBERA  PUIG D?AGULLES
0201D,41.390555,2.200001,26.0,BARCELONA  PORT OLÍMPIC
0201X,41.374998,2.173886,11.0,BARCELONA  DRASSANES
0222X,41.612663,2.168412,175.0,CALDES DE MONTBUI
0244X,41.504893,2.362637,56.0,VILASSAR DE DALT
0252D,41.587222,2.54,74.0,ARENYS DE MAR
0260X,41.760064,2.431023,936.0,FONTMARTINA
0281Y,41.677054,2.805112,45.0,BLANES  JARDIN BOTANICO
0284X,41.807814,3.030933,14.0,CASTELL D?ARO
0312X,42.258444,2.364353,851.0,SANT PAU DE SEGURIES
0324A,42.191387,2.196187,675.0,RIPOLL
0360X,42.052837,2.551007,337.0,LES PLANES D?HOSTOLES
0363X,41.880833,2.513329,810.0,SANT HILARI
0367,41.911665,2.763329,143.0,GIRONA  AEROPUERTO
0370E,41.972333,2.819442,76.0,GIRONA  PARC DEL MIGDIA
0372C,42.104444,2.763611,157.0,PORQUERES
0385X,42.053888,3.201389,1.0,L?ESTARTIT
0394X,42.210555,2.471827,350.0,VALL DE BIANYA
0411X,42.224834,3.093053,2.0,CASTELLO D?EMPURIES
0413A,42.386925,2.75558,355.0,MAÇANET DE CABRENYS
0421X,42.389881,3.006114,100.0,ESPOLLA  LES ALBERES
0429X,42.259082,2.960328,45.0,FIGUERES  ELS ASPRES
0433D,42.31904,3.315556,75.0,EVC_CABO DE CREUS
0433X,42.328889,3.206944,19.0,EL PORT DE LA SELVA
1002Y,43.135722,-1.542961,183.0,BAZTÁN  IRURITA
1010X,43.278691,-1.675786,54.0,BERA
1012P,43.326407,-1.796536,120.0,IRUN
1014A,43.357075,-1.792116,4.0,DONOSTIA/SAN SEBASTIÁN AEROPUERTO
1021X,43.213834,-1.878823,165.0,ERRENTERIA  AÑARBE
1024X,43.306389,-2.041111,250.6,IGELDO
1025A,43.015553,-2.256663,255.0,SEGURA
1025X,43.054634,-2.232037,255.0,BEASAIN  ARRIARAN
1026X,43.058158,-2.184273,290.0,ORDIZIA
1033X,43.084999,-1.950836,520.0,ARESO 
1037X,43.051797,-2.337095,460.0,LEGAZPI
1037Y,43.079917,-2.3175,430.67,ZUMARRAGA
1038X,43.172576,-2.267175,180.0,AZPEITIA
1041A,43.302139,-2.251035,28.0,ZUMAIA
1044X,43.057835,-2.589645,617.0,ARAMAIO  ETXAGUEN
1048X,43.02505,-2.465715,308.0,ARETXABALETA
1049N,43.138333,-2.495827,470.0,ELGETA
1050J,43.209293,-2.413218,119.0,ELGOIBAR
1052A,43.31722,-2.397148,150.0,MUTRIKU
1056K,43.342388,-2.671184,45.0,FORUA
1057B,43.453906,-2.752762,93.0,MATXITXAKO
1059X,43.375086,-3.021602,81.0,PUNTA GALEA 
1060X,43.050241,-3.005452,240.0,AMURRIO
1064L,43.096333,-2.860274,270.0,OROZKO  IBARRA
1069Y,43.099233,-2.644187,747.0,ABADIÑO  URKIOLA
1074C,43.202893,-2.706153,100.0,AMOREBIETA-ETXANO
1078C,43.180575,-3.209649,210.0,BALMASEDA
1078I,43.203384,-3.104777,208.0,GÜEÑES
1082,43.297952,-2.906304,42.0,BILBAO AEROPUERTO
1083B,43.279722,-3.168615,177.0,SOPUERTA
1089U,43.255834,-3.47083,80.0,RAMALES DE LA VICTORIA-ETAP
1096X,43.39667,-3.469721,10.0,TRETO
1103X,43.227556,-3.721084,849.0,SAN ROQUE DE RIOMERA-CARACOL
1109X,43.428613,-3.831385,3.0,SANTANDER AEROPUERTO
1111X,43.491054,-3.800431,50.96,SANTANDER CMT
1124E,43.2456,-3.849351,195.7,VILLACARRIEDO - SANTIBAÑEZ
1135C,43.146941,-4.214141,460.0,BÁRCENA MAYOR-TORIZ
1152C,43.271942,-4.048612,105.0,SAN FELICES DE BUELNA-TARRIBA
1154H,43.358515,-4.027419,110.0,TORRELAVEGA-SIERRAPANDO
1159,43.393456,-4.392103,38.0,SAN VICENTE-FARO
1167B,43.143893,-4.812779,1100.0,FUENTE DÉ-TELEFÉRICO
1167G,43.154869,-4.802929,1910.27,MIRADOR DEL CABLE  PARQUE NACIONAL PICOS DE EUROPA
1167H,43.176187,-4.834772,2330.62,CABAÑA VERÓNICA  PARQUE NACIONAL PICOS DE EUROPA
1167J,43.089184,-4.773842,1721.85,CORISCAO  PARQUE NACIONAL PICOS DE EUROPA
1174I,43.182862,-4.601783,250.0,TAMA
1176A,43.255713,-4.668234,940.0,TRESVISO
1178E,43.176023,-4.902024,678.0,CORDIÑANES  PARQUE NACIONAL PICOS DE EUROPA
1178I,43.202495,-4.820994,1970.0,VEGA DE URRIELLU  PARQUE NACIONAL PICOS DE EUROPA
1178M,43.243922,-4.921692,1650.69,VEGA DE ARIO  PARQUE NACIONAL PICOS DE EUROPA
1178R,43.237387,-4.736775,1235.71,SOTRES  PARQUE NACIONAL PICOS DE EUROPA
1178Y,43.145376,-4.931762,953.0,SOTO DE VALDEÓN (AUTOMATICA)
1179B,43.311112,-4.852774,458.0,CARREÑA DE CABRALES
1183J,43.439167,-4.849722,132.0,EVC_NIEMBRU-LLANES
1183X,43.420278,-4.748056,10.0,LLANES
1186P,43.266631,-5.119247,370.0,AMIEVA  PANIZALES
1191D,43.177372,-5.00172,1505.0,PICO COTORRA  PARQUE NACIONAL PICOS DE EUROPA
1199X,43.377836,-5.396674,280.0,BARGAÉU PILOÑA
1204X,43.513889,-5.282222,148.0,COLUNGA-LLUCES-ASPO
1207U,43.523056,-5.621111,25.8,GIJÓN-CAMPUS
1208H,43.559722,-5.700833,5.0,GIJÓN  MUSEL
1210X,43.655927,-5.848572,100.0,CABO PEÑAS
1212E,43.566941,-6.044173,127.0,ASTURIAS/AVILÉS
1221D,42.978608,-5.776392,1480.0,PAJARES - VALGRANDE
1223P,43.132706,-5.822748,370.0,RONZÓN
1226X,43.095177,-5.476919,750.0,CUEVAS DE FELECHOSA
1234P,43.274885,-5.819274,170.0,MIERES-BAÍÑA
1249X,43.353333,-5.873889,334.44,OVIEDO
1263X,43.237222,-6.473611,606.0,CANGAS DEL NARCEA-SAN PEDRU CULIEMA
1272B,43.290276,-6.386539,280.0,SOUTU  LA BARCA
1276F,43.1,-6.256944,670.0,POLA DE SOMIEDO-DEPURADORA
1279X,43.424999,-6.230729,240.0,CAMUÑO
1283U,43.569166,-6.469998,60.0,CABO BUSTO
1297E,42.768579,-7.017618,1020.0,CERVANTES-BAZAL
1302F,42.955269,-6.472407,1310.0,DEGAÑA  COTO CORTÉS
1309C,43.027413,-6.884876,780.0,SAN ANTOLIN DE IBIAS-LINARES
1327A,43.465552,-6.673332,410.0,ONETA
1331A,43.524444,-7.030833,40.0,CASTROPOL
1341B,43.415546,-7.06098,340.0,OURIA DE TARAMUNDI
1342X,43.540652,-7.082971,43.0,RIBADEO  VILAFRAMIL
1344X,43.431333,-7.361736,125.0,MONDOÑEDO
1347T,43.651046,-7.357091,80.0,BURELA
1351,43.786208,-7.684866,90.39,ESTACA DE BARES
1363X,43.445968,-7.861476,343.0,AS PONTES A AEROSA
1387,43.365969,-8.421517,57.07,A CORUÑA
1387D,43.363309,-8.441944,131.71,BENS-A CORUÑA
1387E,43.306954,-8.371975,98.0,A CORUÑA/ALVEDRO
1390X,43.203582,-8.711001,98.0,CARBALLO
1393,43.160558,-9.210829,50.0,CABO VILAN
1399,43.057445,-9.046929,287.0,VIMIANZO-CASTRELO
1400,42.924828,-9.291434,230.0,FISTERRA
1406X,42.93525,-8.99369,340.0,MAZARICOS-A PICOTA
1410X,43.037875,-8.022249,500.0,SOBRADO DOS MONXES
1428,42.888011,-8.410515,370.0,SANTIAGO DE COMPOSTELA/LAVACOLLA
1435C,42.800141,-8.876227,128.0,NOIA
1437P,42.720833,-8.923333,686.0,EVC_NOIA
1442U,42.643886,-8.892333,10.0,BOIRO
1446X,42.809722,-7.768333,680.0,MONTERROSO
1466A,42.700887,-8.257892,435.0,SILLEDA
1468X,42.69361,-8.501806,269.0,A ESTRADA
1473A,42.738333,-8.627222,100.0,PADRÓN
1475X,42.876111,-8.555833,240.0,SANTIAGO DE COMPOSTELA
1476R,42.749835,-8.714807,210.0,CASAS DO PORTO
1477V,42.584843,-8.774642,32.0,VILAGARCIA DE AROUSA
1484C,42.438333,-8.615833,113.3,PONTEVEDRA
1486E,42.394722,-8.706667,20.3,ESCUELA NAVAL DE MARÍN
1489A,42.407051,-8.451243,395.0,A LAMA
1495,42.238616,-8.623765,254.6,VIGO/PEINADOR
1496X,42.230556,-8.724167,120.0,VIGO-O CASTRO
1505,43.111111,-7.4575,442.18,LUGO/ROZAS
1518A,42.998333,-7.5525,442.0,LUGO-COL.FINGOI
1521I,42.845276,-7.499579,403.0,O PARAMO
1521X,42.863768,-7.18517,1080.0,BECERREA-PENAMAIOR
1535I,42.634718,-7.704444,560.0,EVC_O SAVIÑAO
1541B,42.928886,-6.333886,958.0,VILLABLINO
1542,42.994164,-6.414164,1530.0,PUERTO DE LEITARIEGOS
1549,42.563889,-6.6,532.01,PONFERRADA
1561I,42.76604,-6.673564,770.0,VILLAR DE OTERO (LOS TROBOS)
1583X,42.41562,-6.99314,315.0,O BARCO DE VALDEORRAS
1631E,42.339448,-7.282498,840.0,POBRA DE TRIVES SAN MAMEDE
1639X,42.260277,-7.383609,990.0,CHANDREXA DE QUEIXA
1658,42.58853,-7.191741,612.0,FOLGOSO DO COUREL
1679A,42.53177,-7.510804,291.0,MONFORTE DE LEMOS
1690A,42.325278,-7.859722,145.86,OURENSE
1696O,42.468056,-8.277961,610.0,BEARIZ
1700X,42.421389,-8.0925,400.0,O CARBALLIÑO
1701X,42.299881,-8.129121,112.0,RIBADAVIA
1706A,42.182902,-7.796051,492.0,ALLARIZ-RIMELO
1719,42.217995,-8.281009,560.0,A CAÑIZA
1723X,42.182223,-8.4927,90.0,PONTEAREAS-CANEDO
1730E,41.943981,-8.847444,55.0,O ROSAL
1735X,42.079167,-7.733611,616.0,XINZO DE LIMIA
1738U,41.934116,-7.988838,730.0,MUIÑOS-PRADO
1740,43.377241,-4.12433,150.0,ALTAMIRA
2005Y,41.967774,-2.782777,1197.0,VINUESA
2017Y,41.99583,-2.494163,1260.0,BARRIOMARTIN-EL ROBLEDO
2030,41.775015,-2.483063,1081.01,SORIA
2044B,41.600582,-2.507534,1100.0,LUBIA-CEDER
2048A,41.419442,-2.420281,978.0,MORON DE ALMAZAN 
2059B,41.349719,-2.783338,1042.0,LA RIBA DE ESCALOTE
2084Y,41.721847,-3.047008,960.0,UCERO
2092,41.589444,-3.086949,932.0,BURGO DE OSMA-POZUELOS
2096B,41.373609,-3.251385,1150.0,LICERAS-CAÑADA DEHESA
2106B,41.745847,-3.381929,955.0,CORUÑA DEL CONDE
2117D,41.665837,-3.742777,790.0,ARANDA DE DUERO
2135A,41.372756,-3.507234,993.0,FRESNO DE CANTIESPINO
2140A,41.464553,-3.785871,1135.0,ALDEANUEVA DE SERREZUELA-EL CERRO
2166Y,41.593099,-4.124787,756.0,PEÑAFIEL(FABRICA DE QUESOS)
2172Y,41.611879,-4.405497,725.0,SARDÓN DE DUERO
2182C,41.133861,-3.790216,1107.0,RADES
2243A,42.79806,-4.277134,910.0,AGUILAR DE CAMPOO
2276B,42.568819,-4.575109,908.0,VILLAELES DE VALDAVIA
2285B,42.523889,-4.001111,869.0,VILLADIEGO (DEPÓSITO DE AGUA)
2290Y,42.251226,-4.198909,771.0,PEDROSA DEL PRÍNCIPE
2296A,41.775556,-1.976675,1039.0,OLVEGA-CAMINO VEGAFRÍA
2298,41.959672,-3.131688,1080.0,PALACIOS DE LA SIERRA
2302N,42.146473,-3.109758,1197.0,MONTERRUBIO DE LA DEMANDA
2311Y,42.105221,-3.767707,884.0,VILLAMAYOR DE LOS MONTES
2331,42.356944,-3.620278,891.0,BURGOS/VILLAFRÍA
2362C,42.893772,-4.713714,1575.0,CAMPORREDONDO DE ALBA  CUEVA DORADA
2374X,42.350934,-4.617359,830.0,CARRIÓN DE LOS CONDES
2400E,41.99568,-4.602777,874.0,PALENCIA-AUTILLA PINO
2401X,42.009501,-4.560496,736.0,PALENCIA-GRANJA VIÑALTA
2422,41.640831,-4.754167,734.29,VALLADOLID
2422X,41.607159,-4.766619,688.0,VALLADOLID - VIVERO FORESTAL
2430Y,40.543313,-5.044091,1178.0,MUÑOTELLO
2444,40.659167,-4.679722,1129.76,ÁVILA
2453E,40.828965,-4.742033,920.0,GOTARRENDURA (AUTOMATICA)
2456B,41.071483,-4.729864,820.0,AREVALO
2462,40.793056,-4.010556,1892.6,NAVACERRADA PUERTO
2465,40.945278,-4.126389,1008.25,SEGOVIA
2491C,40.355087,-5.689876,1960.0,LA COVATILLA  ESTACIÓN DE ESQUÍ
2503B,41.279921,-4.691824,786.0,OLMEDO  DEPÓSITO AGUA
2507Y,41.419465,-4.963505,724.0,RUEDA
2512Y,40.88213,-5.018689,925.0,RIVILLA DE BARAJAS
2517A,41.172753,-4.939637,755.0,FUENTE EL SOL
2536D,41.548333,-5.271389,710.0,MORALES DEL TORO-DEPOSITO
2555B,41.236704,-5.481307,811.0,FUENTESAUCO
2565,41.555278,-5.630556,701.5,CORESES
2568D,42.523503,-4.851026,985.0,VILLAPUN
2593D,42.09421,-5.040989,782.0,VILLALÓN DE CAMPOS
2604B,41.875815,-5.040313,731.0,MEDINA DE RIOSECO
2611D,41.856388,-5.59244,690.0,VILLAFÁFILA
2614,41.515556,-5.735278,656.06,ZAMORA
2624C,42.958457,-5.007615,1090.0,RIAÑO-ERMITA QUINTANILLA
2626Y,42.620094,-5.193246,916.0,SAHECHORES-HELIPUERTO
2661,42.588333,-5.651111,916.0,LEÓN/VIRGEN DEL CAMINO
2664B,42.295947,-5.504765,788.0,VALENCIA DE DON JUAN
2701D,42.885575,-5.870858,1120.0,MIÑERA DE LUNA-EMBALSE
2728B,42.648217,-6.070921,995.0,VILLAMECA
2734D,42.476722,-6.074338,919.0,ASTORGA-DEPÓSITO AGUA
2737E,42.377498,-6.196672,1020.0,LAGUNAS DE SOMOZA
2742R,42.466446,-5.779854,850.0,BUSTILLO DEL PÁRAMO-LAS MATILLAS
2755X,42.010907,-5.666803,715.0,BENAVENTE
2766E,42.082615,-6.639735,933.0,EL PUENTE (CASA FORESTAL)
2775X,41.941501,-6.279668,850.0,VILLARDECIERVOS
2777K,42.078138,-6.007296,737.0,SANTIBAÑEZ DE VIDRIALES
2789H,41.785554,-5.909007,711.0,POZUELO DE TABARA
2804F,41.533996,-6.141833,790.0,VILLADEPERA
2828Y,40.355386,-5.519077,1012.0,BARCO DE AVILA
2847X,40.675599,-5.643454,865.0,PEDROSILLO DE LOS AIRES-CASTILLEJO
2863C,40.732205,-5.36619,897.0,PEDRAZA DE ALBA-VALLELARGO
2867,40.959572,-5.498292,790.0,SALAMANCA/MATACAN
2870X,40.960278,-5.686389,772.0,SALAMANCA - HUERTOS URBANOS
2873X,40.903607,-5.779717,817.0,BARBADILLO
2882D,41.238902,-5.897441,1003.0,EVC_PEÑAUSENDE
2885K,41.304443,-6.022286,804.0,FRESNO DE SAYAGO
2891A,41.262778,-6.462222,690.0,VILLARINO DE LOS AIRES
2914C,40.786039,-6.20289,785.0,BOADILLA FUENTE SAN ESTEBAN
2916A,41.011441,-6.437733,769.0,VITIGUDINO
2918Y,40.569447,-6.223616,1027.0,EL MAILLO (BASE AVIONES - AUTOMATICA)
2926B,40.851426,-6.60902,748.0,BAÑOBAREZ
2930Y,40.29663,-6.812855,880.0,NAVASFRIAS
2945A,40.485117,-6.57708,805.0,EL BODÓN-BASE AEREA
2946X,40.635023,-6.600021,680.0,SAELICES EL CHICO
2966D,41.683464,-6.301295,840.0,ALCAÑICES-VIVINERA
2969U,42.027265,-7.183055,910.0,MESÓN EROSA
2978X,41.926666,-7.422059,380.0,AGUAS DE CABREIROA
3013,40.841653,-1.878928,1061.72,MOLINA DE ARAGÓN
3021Y,40.758333,-2.199722,1250.46,ZAOREJAS
3040X,40.543152,-2.079306,1394.0,BETETA AERÓDROMO
3040Y,40.57167,-2.076393,1214.0,BETETA
3094B,40.011389,-3.021667,818.96,TARANCON
3099Y,39.935165,-3.496134,733.0,OCAÑA
3100B,40.06714,-3.546025,540.0,ARANJUEZ
3103,41.003611,-3.301944,910.0,PANTANO EL VADO
3104Y,40.889686,-3.888285,1159.0,EL PAULAR- RASCAFRÍA (AUTOMÁTICA)
3110C,41.006986,-3.613809,1030.0,BUITRAGO
3111D,41.135786,-3.580198,1453.8,SOMOSIERRA
3121F,40.801582,-3.624662,918.2,VENTURADA
3125Y,40.55,-3.616667,672.0,SAN SEBASTIAN DE LOS REYES
3126Y,40.561385,-3.711944,740.0,EL GOLOSO (AUTOMÁTICA)
3129,40.466559,-3.555593,609.0,MADRID/BARAJAS
3129A,40.465278,-3.579722,631.0,MADRID BARAJAS RS.
3130C,41.086277,-2.617927,1005.0,SIGÜENZA
3140Y,40.985075,-2.75988,990.0,MANDAYONA
3158D,41.274167,-3.142474,1368.0,EVC_CAMPISABALOS
3168D,40.630282,-3.150278,727.44,GUADALAJARA
3170Y,40.52836,-3.289711,605.0,ALCALA DE HENARES-ENCÍN
3182Y,40.311667,-3.497784,533.0,ARGANDA DEL REY
3191E,40.696067,-3.765135,1004.0,COLMENAR VIEJO/FAMET
3194U,40.451671,-3.724167,664.0,MADRID  C. UNIVERSITARIA
3194Y,40.448438,-3.813369,665.0,POZUELO DE ALARCON (AUTOMÁTICA)
3195,40.411389,-3.677778,667.0,MADRID RETIRO
3209Y,40.765198,-2.874063,835.0,BRIHUEGA
3229Y,40.247225,-3.311671,594.0,TIELMES
3245Y,39.696114,-3.505837,635.0,TEMBLEQUE
3254Y,39.686888,-3.780687,717.0,MORA DE TOLEDO (AUTOMÁTICA)
3260B,39.884722,-4.045278,512.69,TOLEDO
3266A,40.706512,-4.141341,1530.5,ALTO DEL LEÓN
3268C,40.659724,-4.017505,924.0,ALPEDRETE
3305Y,39.630556,-4.476945,750.0,NAVAHERMOSA
3319D,40.339665,-5.012748,1285.0,PUERTO EL PICO
3330Y,40.313051,-4.487227,890.0,ROZAS DE PUERTO REAL
3337U,40.467501,-4.455763,850.0,CEBREROS
3338,40.428509,-4.248613,770.0,ROBLEDO DE CHAVELA
3343Y,40.496662,-4.061107,884.0,VALDEMORILLO
3365A,39.958608,-4.863596,372.0,TALAVERA DE LA REINA
3386A,39.591662,-5.391666,923.0,NAVALVILLAR DE IBOR
3394X,40.310924,-4.70945,667.0,PIEDRALAVES
3422D,40.139198,-5.311326,350.0,CANDELEDA (AUTOMATICA)
3423I,40.153888,-5.373329,464.0,MADRIGAL DE LA VERA
3427Y,39.993338,-5.114443,345.0,OROPESA DEHESÓN DEL  ENCINAR
3434X,39.945759,-5.582629,269.0,NAVALMORAL DE LA MATA
3436D,40.111111,-5.784718,690.0,GARGANTA LA OLLA
3448X,39.820718,-6.127483,406.0,SERRADILLA (AUTOMATICA)
3455X,39.669948,-5.808349,559.0,JARAICEJO
3463Y,39.464167,-5.874167,523.0,TRUJILLO
3469A,39.471389,-6.338889,393.98,CÁCERES
3475X,39.790559,-6.376392,373.0,CAÑAVERAL
3484X,40.504722,-5.9025,683.0,SAN ESTEBAN DE LA SIERRA
3494U,40.40809,-6.239733,470.0,NUÑOMORAL
3503,40.189444,-6.1675,393.0,GUIJO DE GRANADILLA
3504X,40.265086,-5.861212,724.0,HERVAS
3512X,40.08083,-6.338888,351.0,MONTEHERMOSO
3514B,40.258612,-5.678336,991.0,TORNAVACAS
3516X,40.120781,-5.832386,1260.0,PIORNAL (AUTOMATICA)
3518X,40.061944,-6.045278,371.18,PLASENCIA - PRESA DEL JERTE
3526X,40.003539,-6.557527,313.0,CORIA
3531X,40.254924,-6.411707,459.0,TORRECILLA DE LOS ANGELES
3536X,40.174832,-6.724444,560.0,HOYOS
3540X,39.871388,-6.860004,336.0,ZARZA LA MAYOR
3547X,40.207224,-6.896107,450.0,VALVERDE DE FRESNO
3562X,39.4275,-6.736389,321.0,ALISEDA  LA UMBRÍA
3565X,39.61806,-6.744998,425.0,BROZAS (AUTOMATICA)
3576X,39.414861,-7.231135,444.0,VALENCIA DE ALCÁNTARA
4007Y,38.965833,-2.745006,905.0,OSSA DE MONTIEL
4051Y,40.061113,-2.80695,875.0,ALCÁZAR DEL REY
4061X,39.597138,-3.048227,691.0,QUINTANAR DE LA ORDEN
4064Y,39.390829,-3.215832,640.0,ALCAZAR DE SAN JUAN
4067,39.492064,-3.528358,690.0,MADRIDEJOS
4070Y,40.018782,-2.395207,1020.0,ABIA DE OBISPALIA
4075Y,39.840279,-2.503334,870.0,VILLARES DEL SAZ
4089A,39.516972,-2.49575,857.5,ALBERCA DE ZANCARA
4090Y,39.416736,-2.420691,728.0,SAN CLEMENTE
4091Y,39.261894,-2.592567,718.0,VILLARROBLEDO
4093Y,39.656115,-2.759997,763.0,OSA DE LA VEGA (AUTOMÁTICA)
4095Y,39.555281,-2.705556,745.0,BELMONTE
4096Y,39.016663,-2.488886,918.0,MUNERA  SAN BARTOLOMÉ (AUTOMÁTICA)
4103X,39.169045,-3.00749,662.0,TOMELLOSO
4116I,38.950833,-3.741944,626.5,ALMAGRO/FAMET
4121,38.989167,-3.920278,626.17,CIUDAD REAL
4138Y,38.737497,-3.004441,900.0,VILLANUEVA DE LOS INFANTES
4147X,38.750423,-3.391368,700.0,VALDEPEÑAS
4148,38.518051,-3.566725,804.0,VISO DEL MARQUÉS
4193Y,39.217045,-4.282654,587.1,EL ROBLEDO
4195E,39.32091,-4.394988,651.0,ALCORNOQUERA  PARQUE NACIONAL CABAÑEROS
4210Y,38.898055,-4.291943,718.0,ABENOJAR (AUTOMATICA)
4220X,39.083623,-4.622035,531.48,PUEBLA DE DON RODRIGO
4236Y,39.450439,-5.026459,689.04,PUERTO DEL REY
4244X,39.169355,-5.062271,447.0,HERRERA DEL DUQUE
4245X,39.455271,-5.333333,660.0,GUADALUPE (AUTOMATICA)
4260,38.479719,-5.577502,542.0,PERALEDA DEL ZAUCEJO
4263X,38.409448,-5.350555,575.0,VALSEQUILLO
4267X,38.498369,-5.121442,551.0,HINOJOSA DEL DUQUE
4300Y,38.775284,-4.845277,535.0,MINAS DE ALMADÉN
4325Y,38.741813,-5.529083,459.0,CASTUERA
4339X,39.314167,-5.369009,590.0,CAÑAMERO  EL PINAR
4340,39.103459,-5.461334,313.0,NAVALVILLAR DE PELA
4347X,39.282781,-5.710276,413.0,ZORITA
4358X,38.95559,-5.880481,273.0,DON BENITO
4362X,38.576493,-5.845813,474.1,RETAMAL DE LLERENA 
4395X,38.551667,-6.306664,430.0,VILLAFRANCA DE LOS BARROS
4410X,38.915884,-6.385632,228.0,MÉRIDA
4411C,39.197636,-6.231012,467.0,ALCUESCAR
4427X,38.425855,-6.436641,433.0,ZAFRA (AUTOMATICA)
4436Y,38.688902,-6.361046,371.0,ALMENDRALEJO
4442X,38.618611,-6.6275,345.0,SANTA MARTA DE LOS BARROS
4452,38.883396,-6.81389,185.5,BADAJOZ/TALAVERA LA REAL
4464X,39.181934,-6.995182,283.0,ALBURQUERQUE
4468X,39.176623,-6.600769,392.0,PUEBLA DE OBANDO (AUTOMATICA)
4478X,38.886205,-7.00948,173.7,BADAJOZ UNIVERSIDAD
4486X,38.697503,-7.084439,275.0,OLIVENZA
4489X,38.484719,-7.28194,170.0,ALCONCHEL (AUTOMATICA)
4492F,38.472778,-6.923333,377.0,EVC_BARCARROTA
4497X,38.372219,-7.158056,247.0,VILLANUEVA DEL FRESNO
4499X,38.081296,-6.271862,771.0,MONESTERIO (AUTOMATICA)
4501X,38.20874,-6.311317,602.0,FUENTE DE CANTOS
4511C,38.298514,-6.765058,381.0,JEREZ DE LOS CABALLEROS
4520X,38.178438,-6.661793,586.0,FREGENAL DE LA SIERRA
4541X,37.553656,-7.51994,60.0,EL GRANADO (BOCACHANZA - AUTOMÁTICA)
4549Y,37.194607,-7.394971,2.63,AYAMONTE  ISLA CANELA
4554X,37.218334,-7.08361,15.0,CARTAYA   PEMARES 
4560Y,37.868615,-6.674999,572.0,ALAJAR  CABEZO MOLINOS
4575X,37.575348,-6.767767,280.4,VALVERDE CAMINO (CH.GUADIANA AUTOMATICA)
4584X,37.731577,-6.942237,270.0,EL CERRO DE ANDEVALO
4589X,37.597782,-7.11944,276.0,ALOSNO  THARSIS-MINAS 
4608X,37.677226,-6.630003,415.0,EL CAMPILLO  EL ZUMAJO 
4622X,37.450835,-6.636671,145.0,VILLARRASA  PLANTA DE RECICLAJE
4642E,37.278412,-6.911696,17.59,HUELVA  RONDA ESTE
5000D,35.889167,-5.340556,55.4,CEUTA LOMA LARGA
5006X,37.921111,-2.929722,981.5,CAZORLA VADILLO
5038Y,37.915837,-3.003891,799.0,CAZORLA (AUTOMATICA)
5051X,37.861389,-2.652778,1100.5,HUÉSCAR
5060X,37.860832,-2.228056,1190.0,TOPARES
5103E,37.158333,-3.256944,2151.69,CAMARATE 2  PARQUE NACIONAL SIERRA NEVADA
5103F,37.191027,-3.254022,1534.04,CAMARATE  PARQUE NACIONAL SIERRA NEVADA
5107D,37.179936,-2.986406,1197.0,DÓLAR
5112X,37.311944,-3.129722,916.5,GUADIX
5164B,37.996668,-3.461951,771.0,BAEZA
5165X,37.780842,-3.563581,910.0,TORRES
5181D,38.314753,-2.889764,580.0,ARROYO DEL OJANCO
5192,38.489252,-2.637568,862.0,VILLARRODRIGO
5210X,38.175001,-2.998059,680.0,VILLANUEVA DEL ARZOBISPO
5246,38.344449,-3.535273,770.0,SANTA ELENA
5270B,37.7775,-3.809167,580.0,JAÉN
5281X,38.092984,-3.782624,345.0,BAILÉN
5298X,38.023054,-4.063333,202.0,ANDÚJAR
5304Y,38.668889,-4.059165,665.0,PUERTOLLANO
5341C,38.428888,-4.301663,710.0,FUENCALIENTE
5346X,38.186671,-4.272506,720.0,CARDEÑA (SANTA ELENA - AUTOMATICA)
5361X,38.01333,-4.330275,155.0,MONTORO VEGA ARMIJO
5390Y,38.333056,-4.608886,750.0,VILLANUEVA DE CÓRDOBA
5394X,38.020835,-4.796664,525.0,CORDOBA  EMBALSE DE GUADANUÑO
5402,37.848891,-4.846558,90.0,CÓRDOBA/AEROPUERTO
5406X,37.497489,-3.908059,908.0,CHARILLA
5412X,37.484728,-4.207785,550.0,PRIEGO DE CÓRDOBA  SAN FELIX
5427X,37.556113,-4.353893,650.0,DOÑA MENCIA
5429X,37.810392,-4.462227,275.0,CÓRDOBA  PRAGDENA
5459X,38.111111,-4.928728,465.0,ESPIEL-C.TÉRMICA
5470,37.753056,-5.100552,120.0,FUENTE PALMERA-LOS ARROYONES
5473X,38.267805,-5.686015,581.0,AZUAGA (AUTOMATICA)
5511,37.064444,-3.371389,3091.67,PRADOLLANO  PARQUE NACIONAL SIERRA NEVADA
5514Z,37.136107,-3.633331,695.0,GRANADA/BASE AÉREA
5515D,37.236944,-3.550556,1258.0,EVC_VÍZNAR
5515X,37.18972,-3.59555,775.0,GRANADA-CARTUJA
5516D,37.063056,-3.386944,2856.0,SIERRA NEVADA - RADIOTELESCOPIO
5530E,37.190293,-3.789774,560.12,GRANADA/AEROPUERTO
5582A,37.161109,-4.152781,760.0,LOJA
5598X,37.230931,-4.547788,465.0,BENAMEJÍ-ALCACHOFARES ALTOS
5612B,37.194443,-4.769994,410.0,RODA DE ANDALUCÍA
5612X,37.270277,-4.82695,450.0,LORA DE ESTEPA (AUTOMATICA)
5624X,37.481945,-4.685919,309.0,AGUILAR (LAGUNA ZOÑAR AUTOMATICA)
5625X,37.638525,-4.763865,200.0,LA RAMBLA   PRIVILEGIO
5641X,37.516226,-5.085113,130.0,ECIJA
5654X,37.786804,-5.37114,200.0,LA PUEBLA DE LOS INFANTES
5656,37.497222,-5.433058,165.0,FUENTES DE ANDALUCIA  EL TRAVIESO
5702X,37.565485,-5.740475,50.0,CARMONA  VILLEGAS
5704B,37.926389,-5.769728,550.0,CAZALLA DE LA SIERRA
5726X,38.099445,-5.81917,720.0,GUADALCANAL  CRISTO
5733X,37.791114,-6.074995,450.0,ALMADEN PLATA (LAS NAVAS AUTOMATICA)
5769X,37.973609,-6.322225,618.0,CALA
5783,37.416667,-5.879167,34.0,SEVILLA/SAN PABLO
5788X,37.361667,-6.059722,84.0,Tomares  Zaudín
5790Y,37.364249,-6.005918,9.0,TABLADA
5796,37.164529,-5.611474,87.0,MORÓN DE LA FRONTERA
5835X,37.360002,-6.334168,76.0,CARRION DE LOS CESPEDES
5860E,37.097942,-6.738088,41.0,EL ARENOSILLO
5860H,37.051946,-6.555004,35.0,EVC_DOÑANA
5906X,36.75,-6.400558,10.0,CHIPIONA  ECA
5910X,36.638879,-6.332591,21.0,ROTA BASE NAVAL
5911A,36.76044,-5.37403,913.0,GRAZALEMA
5911X,36.760278,-5.375,935.0,GRAZALEMA-HELIPUERTO
5919X,36.931669,-5.259446,530.0,OLVERA-COOP.AGRÍCOLA
5941X,36.729446,-5.512225,295.0,EL BOSQUE  SAN JOSÉ
5950X,36.663888,-5.783332,105.0,SAN JOSE DEL VALLE-PT GUADALCACÍN
5960,36.750495,-6.055857,27.0,JEREZ DE LA FRONTERA/AEROPUERTO
5972X,36.465556,-6.205557,28.0,SAN FERNANDO
5972Y,36.462883,-6.206294,23.6,SAN FERNANDO ROA
5973,36.499722,-6.257861,2.0,CÁDIZ  OBSERVATORIO
5983X,36.406111,-5.920278,70.0,MEDINA SIDONIA (EL HUNDIDO - AUTOMATICA)
5996B,36.184722,-5.909444,4.0,BARBATE  DEPURADORA
5998X,37.243336,-5.112503,255.0,OSUNA  SEA
6000A,35.276325,-2.95638,52.0,MELILLA
6001,36.014396,-5.597174,45.0,TARIFA
6032X,36.749997,-5.168615,760.0,RONDA  IES
6040X,36.544447,-5.386393,315.0,CORTES DE LA FRONTERA
6042I,36.435607,-5.394945,42.0,JIMENA DE LA FRONTERA-EL DORADO
6045X,36.632501,-5.20306,676.0,ALPANDEIRE
6050X,36.51861,-5.318613,594.0,GAUCÍN
6056X,36.273056,-5.284446,1.0,SAN ROQUE  SOTOGRANDE
6057X,36.378333,-5.26,140.0,MANILVA
6058I,36.416954,-5.154988,19.0,ESTEPONA
6069X,36.543613,-5.024724,392.0,BENAHAVIS (LA ZAGALETA - AUTOMATICA)
6076X,36.484445,-4.953051,2.0,MARBELLA (PUERTO BANUS - AUTOMATICA)
6083X,36.483333,-4.740278,2.0,MARBELLA  CABOPINO
6088X,36.620554,-4.514998,85.0,TORREMOLINOS
6100B,37.023611,-4.562222,515.0,ANTEQUERA
6106X,37.03,-4.749722,408.0,ANTEQUERA-BOBADILLA
6127X,36.854723,-4.69667,172.0,ÁLORA  LAS PELONAS
6143X,36.65778,-4.760827,230.0,COIN (AUTOMATICA)
6155A,36.666118,-4.482307,6.54,MÁLAGA/AEROPUERTO
6156X,36.717784,-4.48167,54.0,MÁLAGA  CENTRO METEOROLÓGICO
6172Y,36.7075,-4.427222,5.5,MÁLAGA PUERTO  OCEANOGRÁFICO
6175X,36.715046,-4.286128,7.0,RINCON DE LA VICTORIA (AUTOMATICA)
6199X,36.768611,-4.093611,41.0,VELEZ MALAGA (AUTOMATICA)
6201X,36.755836,-4.043892,35.0,ALGARROBO (LA MAYORA - AUTOMATICA)
6205X,36.726384,-3.95722,3.0,TORROX FARO
6213X,36.762776,-3.845275,169.0,NERJA (CUEVAS DE NERJA - AUTOMATICA)
6248D,36.952222,-3.430278,1732.11,CAÑAR  PARQUE NACIONAL SIERRA NEVADA
6258X,36.923056,-3.4925,708.0,LANJARÓN
6267X,36.748335,-3.578623,20.0,SALOBREÑA
6268Y,36.724011,-3.529267,3.0,MOTRIL PUERTO NAÚTICO
6272X,36.734297,-3.380008,235.0,CASTELL DEL FERRO
6277C,36.748056,-3.030833,25.5,ADRA FARO
6281X,37.005384,-3.071395,1020.0,VÁLOR
6291B,36.774719,-2.81305,98.0,EL EJIDO (AYUNTAMIENTO - AUTOMATICA)
6293X,36.68694,-2.701667,3.0,ROQUETAS DE MAR-FARO SABINAR
6299I,37.095833,-2.964444,2300.27,LAGUNA SECA  PARQUE NACIONAL SIERRA NEVADA
6302X,37.153056,-2.78,831.5,ABLA
6307C,37.052997,-2.897216,1713.43,LAÚJAR  PARQUE NACIONAL SIERRA NEVADA
6307X,37.033209,-2.912377,1510.0,LAUJAR DE ANDARAX
6312E,37.020944,-2.677185,601.13,RÁGOL  PARQUE NACIONAL SIERRA NEVADA
6325O,36.846344,-2.356931,21.0,ALMERÍA/AEROPUERTO
6335O,37.109932,-2.699181,969.93,NACIMIENTO  PARQUE NACIONAL SIERRA NEVADA
6340X,37.169278,-1.828511,28.5,GARRUCHA
6364X,37.40659,-2.151523,508.0,ALBOX
6367X,37.423611,-1.912222,326.5,HUERCAL OVERA
6375X,37.132343,-4.742002,420.0,FUENTE DE PIEDRA 
7002Y,37.417241,-1.586878,32.0,ÁGUILAS
7007Y,37.588056,-1.230556,66.0,MAZARRÓN/LAS TORRES
7012D,37.604444,-1.023333,55.61,CARTAGENA - TENTEGORRA
7012X,37.601389,-0.990278,2.0,CARTAGENA
7019X,37.635833,-0.715556,2.5,CARTAGENA/SALINAS CABO PALOS
7023X,37.726478,-1.167175,140.0,FUENTE ALAMO
7026X,37.738884,-0.967505,50.0,TORRE PACHECO (C.C.A. AUT.)
7031X,37.778332,-0.805916,4.0,MURCIA/SAN JAVIER
7066Y,38.393333,-2.218889,680.0,EMBALSE DE LA FUENSANTA (AUTOMÁTICA)
7067Y,38.088419,-2.412981,1485.0,CAÑADAS DEL NERPIO
7072Y,38.294995,-2.293887,960.0,SEGE
7080X,38.268337,-1.986391,955.0,BENIZAR
7096B,38.541991,-1.70294,604.57,HELLÍN
7103Y,38.588059,-1.68944,615.0,TOBARRA
7119B,38.103131,-1.877167,643.0,CARAVACA FUENTES DEL MARQUÉS
7121A,38.234167,-1.702227,350.0,CALASPARRA
7127X,38.049198,-1.695334,690.0,BULLAS
7138B,38.458887,-1.335282,485.0,JUMILLA  EL ALBAL
7145X,38.26,-1.435,230.0,CIEZA
7158X,38.128057,-1.305839,150.0,ARCHENA
7168X,38.052778,-1.466111,319.5,MULA EDAR
7178I,38.002004,-1.170836,61.84,MURCIA
7195X,37.926002,-2.058228,985.0,CARAVACA (LOS ROYOS- AUT.)
7203A,37.844698,-1.869755,646.0,ZARCILLA DE RAMOS
7209,37.656389,-1.687314,312.0,LORCA
7211B,37.568051,-1.797223,445.0,PUERTO LUMBRERAS
7218Y,37.758556,-1.5127,281.0,TOTANA
7227X,37.86167,-1.334725,157.0,ALHAMA (COMARZA - AUT.)
7237E,38.13889,-1.158615,170.0,MOLINA DE SEGURA (LOS VALIENTES)
7244X,38.067797,-0.981414,26.0,ORIHUELA DESAMPARADOS
7247X,38.399586,-1.037968,577.0,PINOSO
7250C,38.194389,-1.033817,174.0,ABANILLA
7261X,38.088036,-0.715258,31.0,ROJALES  EL MOLINO
7275C,38.601796,-1.159669,640.0,YECLA
8005X,38.779987,-0.795955,622.0,FONTANARS - CASA DELS CUPS
8008Y,38.576968,-0.865595,486.0,VILLENA
8013X,38.385629,-0.757713,233.0,NOVELDA
8018X,38.287435,-0.680643,110.0,ELCHE/ALTABIX
8019,38.282778,-0.57083,43.0,ALICANTE-ELCHE/AEROPUERTO
8025,38.3725,-0.494167,80.66,ALICANTE
8036Y,38.543655,-0.137786,35.6,BENIDORM (PARC LES FOIETES)
8050X,38.784167,0.166667,15.0,JÁVEA  AYUNTAMIENTO
8057C,38.846738,-0.118261,60.0,PEGO
8058X,38.904444,-0.065,1.0,OLIVA
8058Y,38.950299,-0.137697,12.0,MIRAMAR
8059C,38.710917,-0.460071,530.0,ALCOY
8072Y,39.016938,-0.304725,340.0,BARX
8096,40.067222,-2.131944,948.52,CUENCA
8155Y,39.555278,-1.915278,830.0,MOTILLA DEL PALANCAR
8175,38.954167,-1.856389,702.0,ALBACETE/LOS LLANOS
8177A,38.937599,-1.658812,880.0,CHINCHILLA/CENAD
8178D,39.005577,-1.862335,674.11,ALBACETE OBS.
8191Y,39.198747,-1.435505,680.0,LAS ERAS
8193E,39.208415,-1.094403,372.0,JALANCE
8198Y,38.850552,-1.063051,710.0,ALMANSA
8203O,39.083056,-1.101111,855.95,EVC_ZARRA
8210Y,40.103096,-1.503605,1160.0,SALVACAÑETE
8245Y,39.714376,-1.442571,815.0,MIRA
8270X,39.133611,-0.79,305.0,BICORP
8283X,38.829441,-0.607676,350.0,ONTINYENT
8293X,39.001667,-0.523056,88.0,XÁTIVA
8300X,39.113382,-0.445908,25.0,CARCAIXENT
8309X,39.575455,-1.244795,758.0,UTIEL  LA CUBERA
8325X,39.183889,-0.371389,11.0,POLINYA
8328X,39.311944,-0.355833,0.0,SOLLANA
8337X,39.392139,-0.624616,186.0,TURIS
8354X,40.41972,-1.44139,1130.0,ALBARRACÍN
8368U,40.350714,-1.124132,901.67,TERUEL
8376,40.236114,-1.411672,1430.0,JABALOYAS  DEPÓSITO
8381X,40.060558,-1.283573,705.0,ADEMUZ
8395X,39.753331,-0.993611,515.0,CHELVA
8409X,39.664008,-0.653993,198.0,LLIRIA
8414A,39.485015,-0.474677,55.9,VALENCIA/AEROPUERTO
8416,39.480556,-0.366389,13.0,VALENCIA DT
8433X,39.911389,-0.703056,759.0,BEJÍS
8439X,39.795551,-0.485282,400.0,SEGORBE  MASIA HOYA
8446Y,39.700806,-0.258878,24.0,SAGUNTO (MONTIVER PONTAZGO - SEMIAUTOMATICA)
8458X,40.430517,-0.849428,1380.0,CEDRILLAS  ANTENAS
8472A,40.087706,-0.54685,601.0,ARENOS-PANTANO
8486X,40.362515,-0.454339,1515.0,MOSQUERUELA  DEPÓSITO
8489X,40.433217,-0.255675,1130.0,VILLAFRANCA
8492X,40.227141,-0.169683,420.0,ATZENETA DEL MAESTRAT
8500A,39.95728,-0.071967,43.39,CASTELLÓN-ALMASSORA
8503Y,40.2113,0.18354,35.0,TORREBLANCA AYUNTAMIENTO (C.AGRARIA LOCAL)
8518X,40.541667,0.437222,93.0,VINARÒS-VIVEROS ALCANAR
8520X,40.693717,0.165221,1165.0,FREDES
9001D,42.991884,-4.160594,870.0,NESTARES
9001S,43.036665,-4.374447,1650.0,Alto Campoo
9012E,42.951334,-3.95718,915.0,SANTA GADEA DE ALFOZ
9016X,42.809724,-4.032219,770.0,CUBILLO DE EBRO
9019X,42.805556,-3.945556,731.0,POLIENTES (VALDERREDIBLE)
9031C,42.559526,-3.30879,730.0,BRIVIESCA
9051,42.919901,-3.482685,580.0,MEDINA DE POMAR
9060X,42.875217,-3.231729,910.0,LALASTRA
9069C,42.687159,-2.960608,460.0,MIRANDA DE EBRO
9073X,42.829832,-2.359745,660.0,AGURAIN/SALVATIERRA  OPAKUA
9091R,42.871934,-2.732913,513.0,VITORIA-GASTEIZ AEROPUERTO
9111,42.421116,-3.170282,820.0,BELORADO
9115X,42.255,-2.968056,1630.0,VALDEZCARAY
9121X,42.575277,-2.854717,465.0,HARO 
9122I,42.603889,-2.776667,612.0,LABASTIDA
9136X,42.230834,-2.871106,1006.0,ANGUIANO  VALVANERA 
9141V,42.414027,-2.726758,500.0,NÁJERA
9145X,42.567243,-2.632837,575.0,LEZA
9145Y,42.48278,-2.63944,429.0,CENICERO 
9170,42.452342,-2.331024,353.0,LOGROÑO  AEROPUERTO
9171K,42.570417,-2.183774,470.0,LOS ARCOS
9178X,42.670656,-2.346127,570.0,CAMPEZO/KANPEZU
9188,42.149501,-2.273211,855.0,ENCISO  DEPÓSITO
9195C,42.793056,-0.505278,2275.6,ASTÚN - LA RACA
9198X,42.749527,-0.51604,1197.0,CANFRANC
9201X,42.579753,-0.545044,832.19,JACA
9207,42.740661,-0.750538,860.0,VALLE DE HECHO  HECHO-DEPÓSITO
9208E,42.708611,-0.672778,1025.0,ARAGÜÉS DEL PUERTO  DEPÓSITO
9211F,42.514168,-0.817243,722.0,BAILO PUYALTO
9218A,42.8625,-0.924622,838.0,ISABA/IZABA
9228J,42.89624,-1.300216,635.0,OROZ-BETELU/OROTZ-BETELU  DEPÓSITO
9228T,43.007878,-1.325557,947.0,RONCESVALLES/ORREAGA
9238X,42.7175,-1.117222,612.0,NAVASCUÉS/NABASKOZE
9244X,42.490833,-1.213333,626.0,SOS DEL REY CATÓLICO
9245X,42.521388,-1.366381,440.0,CÁSEDA  DEPÓSITO
9252X,42.489168,-1.655553,390.0,OLITE/ERRIBERRI
9257X,42.970555,-1.516946,615.0,ESTERIBAR  EMBALSE DE EUGI
9262P,42.70125,-1.49567,585.0,MONREAL/ELO  DEPÓSITO
9263D,42.776952,-1.649869,459.0,PAMPLONA  AEROPUERTO
9263X,42.776102,-1.532487,572.0,ARANGUREN  ILUNDAIN
9274X,42.918846,-1.835118,432.0,IRURTZUN
9280B,42.549445,-1.857382,375.0,LARRAGA
9287A,42.026458,-2.230789,1096.0,SAN PEDRO MANRIQUE
9293X,42.176133,-1.743811,371.3,ALFARO  LA PLANA - DEPÓSITO
9294E,42.198543,-1.475169,295.0,BARDENAS REALES  BASE AÉREA
9299X,41.914866,-1.723337,475.0,TARAZONA
9301X,41.95889,-1.690554,410.0,MONTEAGUDO
9302Y,42.055556,-1.609444,297.0,TUDELA  
9311X,41.842,-1.5416,520.0,BORJA  LOS LLANOS
9321Y,42.134424,-1.132315,344.5,EJEA DE LOS CABALLEROS  ERAS ALTAS
9336D,41.984173,-0.995737,543.0,CASTEJÓN DE VALDEJASA  DEPÓSITO
9344C,41.216473,-2.292964,863.0,ARCOS DE JALÓN-COEX
9352A,41.574635,-2.140382,1000.0,ALMAZUL
9354X,41.292998,-1.895265,703.0,ALHAMA DE ARAGÓN  DEPÓSITO
9374X,40.566671,-1.320827,1000.0,SANTA EULALIA  DEL CAMPO
9377Y,40.778609,-1.568336,1185.0,EL PEDREGAL
9381I,40.926112,-1.293327,883.96,CALAMOCHA
9390,41.114444,-1.41,774.33,DAROCA 
9394X,41.331041,-1.645297,582.0,CALATAYUD  DEPÓSITO
9427X,41.481115,-1.380829,370.0,LA ALMUNIA DE DOÑA GODINA
9434,41.660556,-1.004167,249.0,ZARAGOZA  AEROPUERTO
9434P,41.621111,-0.934722,258.0,ZARAGOZA  VALDESPARTERA
9436X,40.995371,-1.087365,1255.0,FONFRÍA
9445L,42.762405,-0.392704,1800.0,FORMIGAL  SARRIOS
9451F,42.704444,-0.275278,1850.0,PANTICOSA  PETROSOS
9453X,42.699238,-0.319003,1100.0,BIESCAS  EMBALSE DE BÚBAL
9460X,42.512778,-0.35556,775.0,SABIÑÁNIGO
9491X,42.029356,-0.585964,390.0,ALMUDÉVAR
9495Y,41.796793,-0.617331,405.0,LECIÑENA
9501X,41.443134,-0.885947,535.0,VALMADRID
9510X,41.429172,-0.503955,205.0,QUINTO
9513X,41.031217,-0.805655,800.0,MUNIESA
9531Y,40.828611,-0.792778,895.0,MONTALBÁN
9546B,41.171966,-0.441907,305.0,HÍJAR  DEPÓSITO
9550C,40.974356,-0.407693,762.0,ANDORRA  HORCALLANA
9561X,40.798426,-0.315396,755.0,CASTELLOTE  DEPÓSITO
9562X,40.621663,-0.101819,990.0,MORELLA - PASEO ALAMEDA
9563X,40.498608,-0.186663,1225.0,CASTELLFORT
9569A,40.946555,-0.237653,466.0,CALANDA
9573X,41.058038,-0.141596,334.0,ALCAÑIZ
9574B,41.2425,-0.068611,215.0,CASPE  PLANA DEL PILÓN
9585,42.332502,1.939446,1699.12,LA MOLINA
9590,42.362116,1.693256,1038.0,MARTINET
9590D,42.430278,1.6675,1940.0,CAP DE REC
9622X,42.339606,1.404289,801.0,LA SEU D'URGELL  AEROPORT
9638D,42.154449,1.311946,609.0,COLL DE NARGÓ
9647X,41.805836,1.395552,435.0,TORÀ
9650X,41.881389,1.108615,400.0,ARTESA DE SEGRE
9657X,42.62511,1.126203,952.0,ESTERRI D?ANEU
9677,42.410009,1.214647,2410.0,PORT AINE  L?ORRI
9689X,42.466384,0.990837,1273.0,CABDELLA-CENTRAL
9698U,42.204722,0.864722,807.0,TALARN
9707,42.066942,0.907217,515.0,LLIMIANA
9718X,41.681109,1.223051,463.0,TORDERA - GRANYANELLA
9724X,41.873334,0.756111,520.0,OS DE BALAGUER
9726E,41.557221,1.309439,657.0,LLORAC
9729X,41.616943,0.866659,252.0,MOLLERUSSA
9744B,42.503332,0.798893,1089.0,BARRUERA
9751,42.318612,0.746943,760.0,SOPEIRA
9756X,42.112498,0.479998,765.0,BENABARRE
9771C,41.626108,0.598058,185.83,LLEIDA
9772X,41.366114,0.913608,673.0,LA POBLA DE CERVOLES
9775X,41.413609,0.67833,392.0,EL SOLERÀS
9776D,41.393889,0.734722,495.0,EVC_ELS TORMS
9808X,42.421667,0.138052,610.0,AÍNSA-SOBRARBE  LA SERRETA-DEPÓSITO
9812M,42.655344,-0.099133,1206.0,PARADOR ORDESA-PARQUE NACIONAL ORDESA Y MONTEPERDIDO
9814I,42.656111,-0.124444,1905.0,TORLA-ORDESA  EL CEBOLLAR
9814X,42.637589,-0.111944,1076.0,TORLA-ORDESA  DEPÓSITO
9838B,42.599444,0.520556,1120.0,BENASQUE
9839V,42.555,0.543056,2374.4,CERLER  COGULLA
9843A,42.476948,0.434167,825.0,SEIRA
9855E,42.201391,0.466105,600.0,CAPELLA  LAGUARRES
9866C,42.02139,0.140556,305.0,BARBASTRO
9882X,42.202222,-0.123056,721.0,BIERGE  YASO
9894Y,41.799297,-0.160778,300.0,SARIÑENA  DEPÓSITO
9898,42.084556,-0.325555,546.0,HUESCA  AEROPUERTO
9901X,42.138891,-0.394996,463.0,HUESCA
9908X,41.77389,-0.333059,380.0,LANAJA  DEPÓSITO
9911X,41.619446,0.187782,178.0,BALLOBAR  DEPÓSITO
9918Y,41.780835,0.376949,218.0,TAMARITE DE LITERA  LA MELUSA
9924X,41.524719,0.355555,170.0,FRAGA
9935X,40.873335,0.146389,483.0,VALDERROBRES 
9946X,40.953057,0.311668,495.0,HORTA DE SANT JOAN
9947X,41.177218,0.353329,370.0,MASSALUCA
9961X,41.249443,0.735283,363.0,CABACÉS
9975X,41.005001,0.613616,112.0,RASQUERA
9981A,40.820278,0.493333,49.92,TORTOSA
9987P,40.699167,0.809722,1.0,SANT JAUME D'ENVEJA
9988B,42.691958,0.973793,2467.0,CAP DE VAQUEIRA
9990X,42.700278,0.876944,1161.0,ARTIES
9994X,42.776109,0.689719,722.0,BOSSOST-CENTRAL
9995Y,43.091114,-1.300831,334.0,VALCARLOS/LUZAIDE
9998X,40.921392,-1.494444,1006.0,BELLO
B013X,39.823337,2.885828,490.0,LLUC
B051A,39.795554,2.691486,5.0,SÓLLER
B087X,39.689166,2.512777,60.0,BANYALBUFAR 
B103B,39.579472,2.368936,52.0,ANDRATX - SANT ELM
B158X,39.551468,2.466476,50.0,ES CAPDELLÀ- SON VIC NOU 
B228,39.554258,2.625268,3.0,PALMA-PORTOPÍ
B228D,39.5525,2.638889,7.0,PALMA DIC DE L?OEST
B236C,39.642164,2.643755,95.0,PALMA-UNIVERSITAT
B275E,39.605833,2.706667,47.0,SON BONET  AEROPUERTO
B278,39.560798,2.736706,5.1,PALMA DE MALLORCA/SON SANT JOAN
B301,39.379721,2.785002,113.0,LLUCMAJOR-RADAR
B334X,39.495556,2.891662,140.0,LLUCMAJOR II
B341X,39.506111,3.005556,149.4,PORRERES-SA MESQUIDA
B362X,39.405835,3.064166,40.0,CAMPOS-CAN SION 
B373X,39.351142,3.011862,3.0,CAMPOS-SALINES  LEVANT
B398A,39.135485,2.936671,164.66,CABRERA  PARQUE NACIONAL DE CABRERA
B410B,39.340052,3.145785,45.0,SANTANYÍ
B434X,39.414531,3.271683,21.45,PORTOCOLOM
B496X,39.630274,3.383603,25.0,SON SERVERA-CAN PEP MONJO
B526X,39.68861,3.351112,110.0,ARTÀ-MOLI D?EN LEU 
B569X,39.716695,3.478002,57.0,CAPDEPERA-FARO
B603X,39.723181,3.278571,99.0,COLÒNIA SANT PERE-CAN MENGOL
B605X,39.796665,3.104721,2.0,MURO-S?ALBUFERA 
B614E,39.556824,3.21778,100.0,MANACOR-POLIESPORTIU
B640X,39.616461,3.1212,94.9,PETRA
B644B,39.643265,3.002128,120.0,SINEU-POLIESPORTIU
B656A,39.652474,2.800156,121.0,SANTA MARÍA
B662X,39.677962,2.873775,105.0,BINISSALEM-SA VINYOTA
B684A,39.792778,2.787778,842.0,ESCORCA-SON TORRELLA
B691Y,39.749165,3.01667,32.0,SA POBLA-SA CANOVA
B760X,39.876942,3.024159,45.0,POLLENÇA-POLIESPORTIU
B780X,39.909447,3.100277,2.0,PORT POLLENÇA-AERODROM 
B800X,39.876111,4.323889,78.0,EVC_MAÓ
B825B,39.990554,4.086385,80.0,MERCADAL
B860X,39.992774,3.853866,20.0,CIUTADELLA-SON QUIM 
B870C,39.944787,3.956643,43.0,CIUTADELLA-CALA GALDANA
B893,39.854726,4.215556,91.0,MENORCA/AEROPUERTO
B908X,39.05611,1.492503,110.0,SANT JOAN DE LABRITJA 
B925,38.963056,1.321389,32.0,SANT ANTONI DE PORTMANY
B954,38.876385,1.384446,6.0,IBIZA/ES CODOLÁ
B957,38.922639,1.441516,3.0,EIVISSA
B986,38.693709,1.463528,24.0,FORMENTERA
C018J,28.969726,-13.690277,376.0,TIAS-LAS VEGAS
C019V,28.858884,-13.834999,6.0,YAIZA-PLAYA BLANCA
C029O,28.951943,-13.600279,14.0,LANZAROTE/AEROPUERTO
C029R,29.001111,-13.558055,107.58,ARRECIFE - GRANJA CABILDO
C038N,29.143611,-13.489167,277.0,HARÍA-CEMENTERIO
C048W,29.0425,-13.680833,275.0,TINAJO-LOS DOLORES
C101A,28.755833,-17.895278,2223.0,ROQUE DE LOS MUCHACHOS
C117A,28.760556,-17.985556,684.0,PUNTAGORDA
C117Z,28.674722,-17.936667,733.0,TIJARAFE-MIRADOR TIME
C126A,28.653889,-17.853056,844.0,EL PASO-C.F.
C129V,28.455,-17.841111,19.0,FUENCALIENTE-SALINAS
C129X,28.590278,-17.894167,380.71,LAS MANCHAS  ARIDANE
C139E,28.633056,-17.755005,33.0,LA PALMA/AEROPUERTO
C148F,28.804722,-17.782222,362.0,SAUCES-S.ANDRÉS-BALSA ADEYAHAME
C229J,28.04904,-14.358002,15.0,PÁJARA-PUERTO MORRO JABLE
C239N,28.208611,-14.023056,1.0,TUINEJE-PUERTO GRAN TARAJAL
C248E,28.416944,-14.019167,252.0,ANTIGUA-EL CARBÓN
C249I,28.44472,-13.863055,25.0,FUERTEVENTURA/AEROPUERTO
C258K,28.6125,-13.931667,217.0,LA OLIVA (CARRETERA DEL COTILLO)
C259X,28.740556,-13.863056,6.0,LA OLIVA-PUERTO DE CORRALEJO
C314Z,28.106944,-17.249167,1474.0,VALLEHERMOSO-ALTO IGUALERO
C316I,28.128333,-17.315,916.0,ARURE CEMENTERIO
C317B,28.178889,-17.213056,765.0,AGULO-JUEGO BOLAS
C319W,28.054167,-17.306389,190.0,VALLEHERMOSO-DAMA
C328W,28.163611,-17.194167,252.0,HERMIGUA-DEPÓSITO AYUNTAMIENTO
C329Z,28.089722,-17.111389,15.0,SAN SEBASTIÁN DE LA GOMERA
C406G,28.224167,-16.626111,2150.0,CAÑADAS PARADOR
C419L,28.207056,-16.792028,403.0,LOMO DEL BALO
C419X,28.081389,-16.710556,130.0,ADEJE-CALDERA B
C428T,28.180833,-16.483333,418.0,ARICO-DEPURADORA LA DEGOLLADA
C429I,28.046992,-16.561158,64.0,TENERIFE/SUR
C430E,28.308333,-16.499722,2368.93,IZAÑA
C438N,28.359247,-16.401736,463.0,CANDELARIA-DEPOSITO CUEVECITAS
C439J,28.318405,-16.382229,115.0,TENERIFE-GÜIMAR
C446G,28.526389,-16.280278,868.0,LAS MERCEDES-LLANO LOS LOROS
C447A,28.477497,-16.329444,632.0,TENERIFE/LOS RODEOS
C449C,28.463337,-16.255282,35.61,SANTA CRUZ DE TENERIFE 
C449F,28.508056,-16.195556,19.0,ANAGA-COL. REP. ARGENTINA
C457I,28.434444,-16.454444,567.0,VICTORIA-DEPÓSITO MARRERO
C458A,28.496473,-16.420064,310.0,TACORONTE-A S.E.A.
C458Z,28.383364,-16.572064,371.0,VALLE DE LA OROTAVA
C468X,28.373056,-16.625833,667.0,LLANOS DE MESA 
C469E,28.371389,-16.7725,62.48,GARACHICO LA QUINTA
C611E,27.976667,-15.583889,1702.0,SAN MATEO (CORRAL DE LOS JUNCOS)
C612F,28.006944,-15.598889,1514.0,TEJEDA-CRUZ DE TEJEDA
C614H,27.995,-15.615833,1060.0,TEJEDA CASCO
C619X,28.101111,-15.712778,5.0,AGAETE-CASCO
C619Y,28.001111,-15.8075,13.0,LA ALDEA DE SAN NICOLAS
C623I,27.926667,-15.599722,1220.0,SAN BARTOLOME TIRAJANA (CUEVAS DEL PINAR)
C625O,27.856944,-15.645,806.0,SAN BARTOLOME TIRAJANA-LOMO PEDRO ALFONSO
C628B,27.908889,-15.77,318.0,SAN NICOLAS T.-TASARTE/COPARLITA
C629Q,27.78,-15.711111,10.0,MOGAN (PUERTO RICO)
C629X,27.816389,-15.764167,10.0,PUERTO DE MOGÁN
C635B,27.92,-15.574167,960.0,SAN BARTOLOME TIRAJANA-H.LAS TIRAJANAS
C639M,27.758056,-15.575556,45.0,SAN BARTOLOME TIRAJANA-C.INSULAR TURISMO
C639U,27.8125,-15.453056,41.0,SAN BARTOLOME TIRAJANA (EL MATORRAL)
C648C,27.9025,-15.453889,306.0,AGÜIMES-EL MILANO
C648N,27.9875,-15.457778,344.0,TELDE-CENTRO FORESTAL DORAMAS
C649I,27.917725,-15.395303,24.0,LAS PALMAS DE GRAN CANARIA/GANDO
C649R,27.986667,-15.377778,9.0,TELDE-MELENARA
C656V,28.075278,-15.547222,683.0,TEROR-OSORIO
C658X,28.078056,-15.453333,269.0,LAS PALMAS G.C.-TAFIRA/ZURBARÁN
C659M,28.113056,-15.421389,15.0,LAS PALMAS DE GC. PLAZA  DE LA FERIA
C665T,28.065556,-15.565556,900.0,VALLESECO
C668V,28.094478,-15.674914,352.0,AGAETE - SUERTE ALTA
C669B,28.141667,-15.506667,86.0,ARUCAS-BAÑADEROS
C689E,27.735833,-15.595833,6.0,MASPALOMAS
C839X,29.229585,-13.51021,19.0,TEGUISE LA GRACIOSA-HELIPUERTO
C916Q,27.718889,-17.978056,948.0,PINAR-DEPÓSITO
C917E,27.725278,-18.115,713.0,DEHESA-REFUGIO
C919K,27.666667,-18.017778,100.0,TACORÓN-LAPILLAS-TORTUGA
C925F,27.768951,-17.960416,1070.0,SAN ANDRÉS-DEPÓSITO CABILDO
C928I,27.810833,-17.919444,670.0,VALVERDE
C929I,27.818888,-17.88889,32.0,EL HIERRO/AEROPUERTO
C939T,27.756442,-18.107375,20.0,SABINOSA-BALNEARIO
