indicativo,fecha,tmax,tmin,tmed,tmed_derivada,hrMax,hrMedia,hrMin,velmedia,racha,prec,prec_0707,sol,n_horas,completo
0002I,2026-07-28 00:00:00+00:00,31.4,25.7,28.65,28.55,85.0,70.7,60.0,1.91,6.2,0.0,0.0,,13,False
0009X,2026-07-28 00:00:00+00:00,32.5,22.5,28.76,27.5,89.0,62.8,49.0,2.22,7.1,0.0,0.0,,12,False
0016A,2026-07-28 00:00:00+00:00,31.9,25.7,29.47,28.8,86.0,66.8,55.0,4.6,9.8,0.0,0.0,554.0,13,False
0034X,2026-07-28 00:00:00+00:00,32.0,24.1,29.08,28.05,86.0,61.4,49.0,,,0.0,0.0,,12,False
0042Y,2026-07-28 00:00:00+00:00,30.7,26.3,28.69,28.5,81.0,71.2,63.0,2.31,7.8,0.0,0.0,,13,False
0061X,2026-07-28 00:00:00+00:00,30.4,21.5,27.0,25.95,66.0,46.9,38.0,5.38,10.5,0.0,0.0,,12,False
0066X,2026-07-28 00:00:00+00:00,33.7,24.7,30.42,29.2,85.0,59.1,45.0,2.18,8.8,0.0,0.0,,12,False
0073X,2026-07-28 00:00:00+00:00,31.8,26.2,29.32,29.0,81.0,69.1,61.0,2.66,8.3,0.0,0.0,,12,False
0076,2026-07-28 00:00:00+00:00,31.6,25.8,29.06,28.7,83.0,70.3,61.0,7.39,13.4,0.0,0.0,558.0,13,False
0092X,2026-07-28 00:00:00+00:00,34.4,25.9,30.93,30.15,60.0,45.7,33.0,3.55,9.3,0.0,0.0,,12,False
0106X,2026-07-28 00:00:00+00:00,35.8,26.5,32.19,31.15,52.0,41.0,34.0,4.44,10.7,0.0,0.0,,12,False
0114X,2026-07-28 00:00:00+00:00,35.3,21.9,30.73,28.6,67.0,41.6,32.0,1.93,7.6,0.0,0.0,,13,False
0120X,2026-07-28 00:00:00+00:00,32.2,22.9,28.38,27.55,69.0,49.9,32.0,2.68,10.3,0.0,0.0,,13,False
0131X,2026-07-28 00:00:00+00:00,36.8,23.3,31.92,30.05,66.0,35.5,20.0,2.02,7.2,0.0,0.0,,13,False
0149X,2026-07-28 00:00:00+00:00,35.8,25.0,31.19,30.4,69.0,44.2,34.0,3.32,10.8,0.0,0.0,584.0,13,False
0158X,2026-07-28 00:00:00+00:00,29.3,25.3,27.2,27.3,62.0,54.0,41.0,,,0.0,0.0,,10,False
0171F,2026-07-28 00:00:00+00:00,37.0,23.0,31.61,30.0,58.0,40.0,31.0,3.08,9.5,0.0,0.0,,13,False
0194D,2026-07-28 00:00:00+00:00,32.9,21.4,27.13,27.15,91.0,60.0,45.0,,,0.0,0.0,,12,False
0201D,2026-07-28 00:00:00+00:00,30.1,27.2,28.7,28.65,73.0,64.3,54.0,6.55,13.5,0.0,0.0,,13,False
0201X,2026-07-28 00:00:00+00:00,31.0,27.1,29.49,29.05,74.0,61.8,54.0,3.86,10.8,0.0,0.0,,12,False
0222X,2026-07-28 00:00:00+00:00,34.2,24.0,30.96,29.1,64.0,48.6,43.0,4.11,11.6,0.0,0.0,,12,False
0244X,2026-07-28 00:00:00+00:00,30.8,25.4,28.93,28.1,80.0,69.8,65.0,3.81,11.1,0.0,0.0,,13,False
0252D,2026-07-28 00:00:00+00:00,30.2,24.8,27.87,27.5,82.0,71.8,63.0,3.52,10.9,0.0,0.0,,13,False
0260X,2026-07-28 00:00:00+00:00,29.0,21.2,25.72,25.1,73.0,58.2,45.0,,,0.0,0.0,,12,False
0281Y,2026-07-28 00:00:00+00:00,31.5,26.1,28.85,28.8,82.0,68.4,55.0,4.98,12.5,0.0,0.0,,12,False
0284X,2026-07-28 00:00:00+00:00,30.5,25.6,28.32,28.05,82.0,73.0,68.0,2.83,9.8,0.0,0.0,,12,False
0312X,2026-07-28 00:00:00+00:00,30.0,21.0,26.67,25.5,90.0,63.5,46.0,1.81,6.5,0.0,0.0,,12,False
0324A,2026-07-28 00:00:00+00:00,36.1,21.5,30.18,28.8,88.0,48.5,26.0,2.27,8.1,0.0,0.0,,13,False
0360X,2026-07-28 00:00:00+00:00,34.0,21.9,29.66,27.95,85.0,60.2,45.0,0.69,4.4,0.0,0.0,,13,False
0363X,2026-07-28 00:00:00+00:00,32.5,21.2,28.21,26.85,81.0,55.9,43.0,1.51,5.9,0.0,0.0,,12,False
0367,2026-07-28 00:00:00+00:00,33.6,25.3,30.48,29.45,85.0,59.9,45.0,3.96,9.8,0.0,0.0,558.0,13,False
0370E,2026-07-28 00:00:00+00:00,34.2,26.3,31.3,30.25,73.0,51.2,39.0,2.22,7.1,0.0,0.0,,13,False
0372C,2026-07-28 00:00:00+00:00,35.2,25.1,30.98,30.15,76.0,53.5,39.0,2.45,8.2,0.0,0.0,,13,False
0385X,2026-07-28 00:00:00+00:00,29.5,26.6,28.03,28.05,78.0,72.6,69.0,3.54,9.2,0.0,0.0,,13,False
0394X,2026-07-28 00:00:00+00:00,32.8,23.8,29.55,28.3,83.0,55.5,40.0,2.35,8.9,0.0,0.0,,13,False
0411X,2026-07-28 00:00:00+00:00,29.8,25.0,27.94,27.4,90.0,77.4,64.0,2.82,9.9,0.0,0.0,,12,False
0413A,2026-07-28 00:00:00+00:00,32.0,23.7,29.04,27.85,82.0,59.2,46.0,1.54,5.6,0.0,0.0,,12,False
0421X,2026-07-28 00:00:00+00:00,32.3,25.7,30.01,29.0,75.0,57.3,43.0,2.89,8.2,0.0,0.0,,12,False
0429X,2026-07-28 00:00:00+00:00,31.0,27.4,29.65,29.2,72.0,63.2,49.0,2.08,7.4,0.0,0.0,,13,False
0433D,2026-07-28 00:00:00+00:00,29.5,26.1,27.75,27.8,87.0,73.5,46.0,4.08,,,,,13,False
0433X,2026-07-28 00:00:00+00:00,32.6,24.4,29.38,28.5,83.0,60.7,38.0,1.4,8.3,0.0,0.0,,13,False
1002Y,2026-07-28 00:00:00+00:00,38.4,20.8,31.32,29.6,89.0,45.2,22.0,1.39,7.4,0.0,0.0,,13,False
1010X,2026-07-28 00:00:00+00:00,38.1,21.1,31.03,29.6,85.0,50.7,29.0,1.22,5.9,0.0,0.0,,13,False
1012P,2026-07-28 00:00:00+00:00,33.3,22.9,29.02,28.1,74.0,61.3,51.0,0.88,3.6,0.0,0.0,,13,False
1014A,2026-07-28 00:00:00+00:00,31.6,23.5,27.77,27.55,76.0,61.5,53.0,2.44,5.1,0.0,0.0,,13,False
1021X,2026-07-28 00:00:00+00:00,36.6,21.9,31.02,29.25,82.0,51.2,29.0,1.35,6.2,0.0,0.0,,13,False
1024X,2026-07-28 00:00:00+00:00,31.1,22.0,28.23,26.55,68.0,58.9,50.0,2.18,4.7,0.0,0.0,,13,False
1025A,2026-07-28 00:00:00+00:00,39.6,23.0,33.88,31.3,55.0,29.8,17.0,1.44,6.9,0.0,0.0,,13,False
1025X,2026-07-28 00:00:00+00:00,39.1,22.7,32.94,30.9,64.0,33.2,17.0,1.66,7.7,0.0,0.0,,13,False
1026X,2026-07-28 00:00:00+00:00,39.5,24.9,33.76,32.2,55.0,33.2,18.0,1.41,8.0,0.0,0.0,,13,False
1033X,2026-07-28 00:00:00+00:00,35.6,21.3,29.85,28.45,72.0,42.1,26.0,1.47,9.8,0.0,0.0,,13,False
1037X,2026-07-28 00:00:00+00:00,36.7,23.9,32.2,30.3,47.0,30.9,22.0,,,0.0,0.0,,12,False
1037Y,2026-07-28 00:00:00+00:00,37.8,23.4,32.62,30.6,53.0,29.3,18.0,2.03,7.9,0.0,0.0,,13,False
1038X,2026-07-28 00:00:00+00:00,37.9,21.8,31.33,29.85,77.0,44.6,22.0,1.02,6.6,0.0,0.0,,13,False
1041A,2026-07-28 00:00:00+00:00,29.9,23.0,26.98,26.45,91.0,72.2,62.0,2.95,6.8,0.0,0.0,,13,False
1044X,2026-07-28 00:00:00+00:00,34.5,23.5,29.36,29.0,49.0,38.7,26.0,,,0.0,0.0,,12,False
1048X,2026-07-28 00:00:00+00:00,38.0,24.1,32.82,31.05,52.0,31.4,20.0,,,0.0,0.0,,12,False
1049N,2026-07-28 00:00:00+00:00,36.5,21.4,30.61,28.95,58.0,37.6,22.0,0.91,5.9,0.0,0.0,,13,False
1050J,2026-07-28 00:00:00+00:00,38.9,21.8,30.91,30.35,77.0,44.8,22.0,1.89,7.5,0.0,0.0,,13,False
1052A,2026-07-28 00:00:00+00:00,29.5,22.7,26.27,26.1,71.0,64.0,51.0,1.81,5.2,0.0,0.0,,13,False
1056K,2026-07-28 00:00:00+00:00,32.2,22.0,28.02,27.1,88.0,66.2,53.0,2.38,7.7,0.0,0.0,,13,False
1057B,2026-07-28 00:00:00+00:00,26.7,22.6,24.77,24.65,81.0,74.8,61.0,5.29,10.6,0.0,0.0,,11,False
1059X,2026-07-28 00:00:00+00:00,29.4,21.9,25.39,25.65,93.0,75.1,58.0,2.17,5.8,0.0,0.0,,13,False
1060X,2026-07-28 00:00:00+00:00,38.4,24.2,33.79,31.3,60.0,33.8,23.0,2.32,7.5,0.0,0.0,,13,False
1064L,2026-07-28 00:00:00+00:00,39.1,21.7,32.33,30.4,73.0,42.8,26.0,0.78,4.4,0.0,0.0,,13,False
1069Y,2026-07-28 00:00:00+00:00,34.6,23.1,31.53,28.85,53.0,34.5,23.0,,,0.0,0.0,,10,False
1074C,2026-07-28 00:00:00+00:00,38.8,22.2,32.44,30.5,76.0,40.5,20.0,1.21,5.2,0.0,0.0,,13,False
1078C,2026-07-28 00:00:00+00:00,38.5,23.8,32.61,31.15,55.0,34.6,23.0,,,0.0,0.0,,12,False
1078I,2026-07-28 00:00:00+00:00,38.6,23.1,32.61,30.85,57.0,33.1,20.0,1.78,6.5,0.0,0.0,,13,False
1082,2026-07-28 00:00:00+00:00,35.3,22.5,29.54,28.9,87.0,57.2,39.0,2.96,8.2,0.0,0.0,,13,False
1083B,2026-07-28 00:00:00+00:00,37.8,21.2,31.01,29.5,70.0,45.4,28.0,1.08,5.1,0.0,0.0,,13,False
1089U,2026-07-28 00:00:00+00:00,36.1,22.8,31.65,29.45,82.0,53.1,35.0,1.77,6.8,0.0,0.0,,12,False
1096X,2026-07-28 00:00:00+00:00,27.2,21.4,25.42,24.3,95.0,77.2,66.0,1.62,4.9,0.0,0.0,,12,False
1103X,2026-07-28 00:00:00+00:00,31.5,26.1,29.03,28.8,52.0,40.9,33.0,3.15,6.8,0.0,0.0,,11,False
1109X,2026-07-28 00:00:00+00:00,30.1,22.2,26.62,26.15,91.0,70.6,61.0,3.08,9.3,0.0,0.0,565.0,13,False
1111X,2026-07-28 00:00:00+00:00,25.1,22.0,23.72,23.55,93.0,82.2,72.0,4.23,8.3,0.0,0.0,612.6,13,False
1124E,2026-07-28 00:00:00+00:00,34.5,22.1,29.6,28.3,81.0,58.2,36.0,1.65,5.7,0.0,0.0,,13,False
1135C,2026-07-28 00:00:00+00:00,36.6,18.7,30.91,27.65,81.0,42.9,27.0,1.53,8.9,0.0,0.0,,13,False
1152C,2026-07-28 00:00:00+00:00,36.5,22.2,31.24,29.35,71.0,48.9,35.0,1.48,5.6,0.0,0.0,,12,False
1154H,2026-07-28 00:00:00+00:00,29.1,21.1,26.02,25.1,96.0,70.6,53.0,2.14,5.1,0.0,0.0,,13,False
1159,2026-07-28 00:00:00+00:00,26.0,21.5,23.75,23.75,94.0,81.2,69.0,2.32,5.5,0.0,0.0,,13,False
1167B,2026-07-28 00:00:00+00:00,34.3,18.9,27.88,26.6,57.0,33.8,20.0,1.0,7.5,0.0,0.0,,13,False
1167G,2026-07-28 00:00:00+00:00,26.0,18.3,21.94,22.15,51.0,39.4,29.0,3.82,14.6,,,,13,False
1167H,2026-07-28 00:00:00+00:00,22.0,15.9,18.89,18.95,47.0,35.8,28.0,2.52,10.3,,,,13,False
1167J,2026-07-28 00:00:00+00:00,26.1,18.8,22.92,22.45,48.0,35.8,24.0,1.7,12.5,,,,13,False
1174I,2026-07-28 00:00:00+00:00,38.8,23.5,33.84,31.15,57.0,30.8,20.0,2.42,9.7,0.0,0.0,,12,False
1176A,2026-07-28 00:00:00+00:00,32.5,24.3,28.59,28.4,47.0,35.2,32.0,2.41,7.1,0.0,0.0,,12,False
1178E,2026-07-28 00:00:00+00:00,36.9,21.6,29.73,29.25,61.0,35.3,16.0,1.39,8.5,,,,13,False
1178I,2026-07-28 00:00:00+00:00,22.7,18.1,20.28,20.4,48.0,39.9,31.0,2.09,8.9,,,,13,False
1178M,2026-07-28 00:00:00+00:00,25.7,20.1,22.87,22.9,45.0,39.0,31.0,2.71,9.5,,,,12,False
1178R,2026-07-28 00:00:00+00:00,29.0,20.6,25.57,24.8,49.0,37.9,29.0,3.34,7.3,0.0,0.0,,13,False
1178Y,2026-07-28 00:00:00+00:00,33.4,19.0,28.82,26.2,65.0,37.4,22.0,,,0.0,0.0,,12,False
1179B,2026-07-28 00:00:00+00:00,37.2,22.7,31.7,29.95,65.0,42.9,29.0,2.44,8.6,0.0,0.0,,13,False
1183J,2026-07-28 00:00:00+00:00,24.3,20.8,22.58,22.55,95.0,80.5,72.0,2.88,5.9,0.0,0.0,,13,False
1183X,2026-07-28 00:00:00+00:00,28.0,20.8,24.85,24.4,90.0,76.7,65.0,2.06,5.0,0.0,0.0,595.0,13,False
1186P,2026-07-28 00:00:00+00:00,34.7,20.2,29.53,27.45,74.0,54.4,38.0,1.35,7.8,0.0,0.0,,12,False
1191D,2026-07-28 00:00:00+00:00,29.4,19.4,24.86,24.4,50.0,38.1,24.0,2.47,10.3,,,,13,False
1199X,2026-07-28 00:00:00+00:00,34.7,22.9,30.32,28.8,68.0,49.8,35.0,1.16,4.8,0.0,0.0,,12,False
1204X,2026-07-28 00:00:00+00:00,25.3,20.4,22.85,22.85,88.0,78.8,72.0,2.32,5.5,0.0,0.0,,13,False
1207U,2026-07-28 00:00:00+00:00,31.7,20.7,26.96,26.2,87.0,62.5,42.0,2.04,4.9,0.0,0.0,603.1,13,False
1208H,2026-07-28 00:00:00+00:00,25.6,22.2,23.65,23.9,95.0,85.0,80.0,1.81,5.9,0.0,0.0,,13,False
1210X,2026-07-28 00:00:00+00:00,27.2,20.3,22.85,23.75,91.0,77.4,62.0,5.15,10.4,0.0,0.0,,13,False
1212E,2026-07-28 00:00:00+00:00,30.6,19.8,25.8,25.2,91.0,61.7,48.0,2.45,6.2,0.0,0.0,599.0,13,False
1221D,2026-07-28 00:00:00+00:00,28.6,16.0,23.79,22.3,65.0,38.8,19.0,2.68,9.9,0.0,0.0,,13,False
1223P,2026-07-28 00:00:00+00:00,35.8,22.6,30.58,29.2,73.0,47.8,29.0,2.02,7.4,0.0,0.0,,12,False
1226X,2026-07-28 00:00:00+00:00,36.2,19.6,30.42,27.9,74.0,39.7,20.0,1.28,7.4,0.0,0.0,,12,False
1234P,2026-07-28 00:00:00+00:00,36.9,20.7,30.25,28.8,83.0,51.3,31.0,1.25,6.2,0.0,0.0,,13,False
1249X,2026-07-28 00:00:00+00:00,35.4,24.1,30.41,29.75,55.0,38.9,28.0,2.05,8.2,0.0,0.0,607.1,13,False
1263X,2026-07-28 00:00:00+00:00,36.2,20.8,29.72,28.5,59.0,36.7,17.0,2.3,8.5,0.0,0.0,,13,False
1272B,2026-07-28 00:00:00+00:00,37.7,20.6,30.61,29.15,67.0,44.0,22.0,1.45,6.8,0.0,0.0,,13,False
1276F,2026-07-28 00:00:00+00:00,35.7,17.7,28.73,26.7,91.0,51.2,24.0,1.07,8.1,0.0,0.0,,13,False
1279X,2026-07-28 00:00:00+00:00,37.9,21.9,31.53,29.9,65.0,43.6,27.0,2.43,7.7,0.0,0.0,,12,False
1283U,2026-07-28 00:00:00+00:00,27.5,18.8,22.94,23.15,98.0,77.7,60.0,3.37,8.2,0.0,0.0,610.0,13,False
1297E,2026-07-28 00:00:00+00:00,33.7,23.5,30.44,28.6,36.0,27.9,20.0,2.54,8.1,0.0,0.0,,11,False
1302F,2026-07-28 00:00:00+00:00,30.3,17.6,26.9,23.95,77.0,38.1,25.0,1.43,7.4,0.0,0.0,,12,False
1309C,2026-07-28 00:00:00+00:00,35.6,23.9,31.31,29.75,52.0,28.8,16.0,2.92,10.9,0.0,0.0,,12,False
1327A,2026-07-28 00:00:00+00:00,33.3,23.4,28.12,28.35,55.0,49.9,43.0,2.35,8.4,0.0,0.0,,13,False
1331A,2026-07-28 00:00:00+00:00,29.1,18.7,24.69,23.9,97.0,67.8,44.0,2.05,5.3,0.0,0.0,,13,False
1341B,2026-07-28 00:00:00+00:00,32.8,19.5,25.79,26.15,77.0,61.5,45.0,3.44,9.0,0.0,0.0,,11,False
1342X,2026-07-28 00:00:00+00:00,28.7,18.8,25.08,23.75,97.0,69.9,50.0,1.73,5.0,0.0,0.0,,12,False
1344X,2026-07-28 00:00:00+00:00,37.5,19.7,28.84,28.6,86.0,56.8,33.0,1.96,8.2,0.0,0.0,,12,False
1347T,2026-07-28 00:00:00+00:00,24.6,20.8,23.44,22.7,83.0,77.7,72.0,,,0.0,0.0,,9,False
1351,2026-07-28 00:00:00+00:00,26.7,16.7,20.05,21.7,100.0,88.0,63.0,5.52,11.8,0.0,0.0,422.0,13,False
1363X,2026-07-28 00:00:00+00:00,35.9,23.9,32.38,29.9,57.0,39.8,23.0,,,0.0,0.0,,8,False
1387,2026-07-28 00:00:00+00:00,30.3,18.2,22.59,24.25,91.0,72.3,41.0,2.33,6.9,0.0,0.0,584.4,13,False
1387D,2026-07-28 00:00:00+00:00,28.8,17.1,21.02,22.95,100.0,86.2,47.0,2.57,6.2,0.0,0.0,,13,False
1387E,2026-07-28 00:00:00+00:00,30.5,17.8,23.17,24.15,95.0,72.8,44.0,3.22,8.2,0.0,0.0,600.0,13,False
1390X,2026-07-28 00:00:00+00:00,34.5,22.3,30.33,28.4,75.0,47.7,28.0,,,0.0,0.0,,11,False
1393,2026-07-28 00:00:00+00:00,,,,,,,,,,0.0,0.0,,12,False
1399,2026-07-28 00:00:00+00:00,31.2,20.4,28.04,25.8,79.0,42.2,23.0,,,0.0,0.0,,10,False
1400,2026-07-28 00:00:00+00:00,21.3,17.5,19.03,19.4,97.0,87.4,81.0,4.13,8.3,0.0,0.0,22.0,13,False
1406X,2026-07-28 00:00:00+00:00,31.2,24.9,28.96,28.05,57.0,42.8,35.0,,,0.0,0.0,,9,False
1410X,2026-07-28 00:00:00+00:00,33.8,24.8,30.38,29.3,58.0,39.4,30.0,,,0.0,0.0,,10,False
1428,2026-07-28 00:00:00+00:00,31.5,18.6,26.95,25.05,85.0,48.0,30.0,2.89,8.8,0.0,0.0,626.0,13,False
1435C,2026-07-28 00:00:00+00:00,27.8,18.3,22.89,23.05,93.0,76.6,58.0,2.41,6.4,0.0,0.0,,11,False
1437P,2026-07-28 00:00:00+00:00,27.6,19.2,24.15,23.4,64.0,46.9,32.0,3.63,7.8,0.0,0.0,,12,False
1442U,2026-07-28 00:00:00+00:00,27.7,18.8,24.38,23.25,83.0,68.5,60.0,,,0.0,0.0,,12,False
1446X,2026-07-28 00:00:00+00:00,34.7,24.5,30.62,29.6,42.0,34.1,26.0,,,0.0,0.0,,11,False
1466A,2026-07-28 00:00:00+00:00,34.4,22.7,30.41,28.55,53.0,44.1,35.0,2.4,8.1,0.0,0.0,,11,False
1468X,2026-07-28 00:00:00+00:00,31.4,25.8,29.7,28.6,54.0,47.1,38.0,,,0.0,0.0,,8,False
1473A,2026-07-28 00:00:00+00:00,31.0,19.1,25.35,25.05,86.0,60.5,36.0,2.84,7.4,0.0,0.0,,13,False
1475X,2026-07-28 00:00:00+00:00,32.5,19.2,27.15,25.85,88.0,48.5,30.0,1.55,7.1,0.0,0.0,,13,False
1476R,2026-07-28 00:00:00+00:00,30.8,24.4,28.26,27.6,57.0,46.0,37.0,,,0.0,0.0,,8,False
1477V,2026-07-28 00:00:00+00:00,26.2,21.8,24.28,24.0,79.0,72.0,69.0,3.67,7.6,0.0,0.0,,9,False
1484C,2026-07-28 00:00:00+00:00,28.5,19.6,24.36,24.05,88.0,69.7,54.0,1.56,5.8,0.0,0.0,624.1999999999999,13,False
1486E,2026-07-28 00:00:00+00:00,23.1,19.7,21.12,21.4,88.0,84.8,80.0,3.99,9.2,0.0,0.0,,13,False
1489A,2026-07-28 00:00:00+00:00,31.7,25.4,29.53,28.55,64.0,48.5,41.0,2.38,5.9,0.0,0.0,,10,False
1495,2026-07-28 00:00:00+00:00,29.9,17.6,23.94,23.75,93.0,66.7,40.0,3.67,8.2,0.0,0.0,615.0,13,False
1496X,2026-07-28 00:00:00+00:00,24.6,18.7,21.97,21.65,91.0,78.8,70.0,1.64,5.8,0.0,0.0,,13,False
1505,2026-07-28 00:00:00+00:00,37.4,20.0,30.92,28.7,73.0,37.4,17.0,1.83,8.5,0.0,0.0,572.4,13,False
1518A,2026-07-28 00:00:00+00:00,36.4,22.3,32.29,29.35,63.0,34.2,24.0,1.68,7.5,0.0,0.0,,10,False
1521I,2026-07-28 00:00:00+00:00,37.3,21.1,32.52,29.2,59.0,30.1,20.0,,,0.0,0.0,,11,False
1521X,2026-07-28 00:00:00+00:00,31.9,25.5,29.77,28.7,37.0,31.1,24.0,2.12,8.4,0.0,0.0,,9,False
1535I,2026-07-28 00:00:00+00:00,36.0,22.0,30.35,29.0,51.0,34.2,25.0,3.13,8.6,0.0,0.0,,13,False
1541B,2026-07-28 00:00:00+00:00,35.6,20.9,30.51,28.25,62.0,28.2,17.0,1.84,11.0,0.0,0.0,,12,False
1542,2026-07-28 00:00:00+00:00,27.6,16.6,23.37,22.1,79.0,41.5,22.0,3.84,13.9,0.0,0.0,589.0,13,False
1549,2026-07-28 00:00:00+00:00,37.2,24.1,32.97,30.65,43.0,25.2,14.0,1.93,7.7,0.0,0.0,587.7,13,False
1561I,2026-07-28 00:00:00+00:00,35.6,25.3,32.36,30.45,43.0,26.5,18.0,,,0.0,0.0,,11,False
1583X,2026-07-28 00:00:00+00:00,38.4,26.9,35.89,32.65,34.0,22.8,16.0,,,0.0,0.0,,10,False
1631E,2026-07-28 00:00:00+00:00,35.2,22.4,30.33,28.8,53.0,31.3,16.0,2.47,8.8,0.0,0.0,531.0,13,False
1639X,2026-07-28 00:00:00+00:00,34.0,22.9,31.28,28.45,52.0,33.1,24.0,3.57,14.5,0.0,0.0,,10,False
1658,2026-07-28 00:00:00+00:00,33.8,24.2,31.38,29.0,52.0,34.9,23.0,,,0.0,0.0,,10,False
1679A,2026-07-28 00:00:00+00:00,39.2,23.2,33.18,31.2,63.0,38.0,26.0,1.39,7.4,0.0,0.0,,12,False
1690A,2026-07-28 00:00:00+00:00,40.3,25.5,34.11,32.9,48.0,29.0,20.0,1.8,8.4,0.0,0.0,621.4,13,False
1696O,2026-07-28 00:00:00+00:00,35.2,23.6,31.19,29.4,62.0,40.1,32.0,,,0.0,0.0,,9,False
1700X,2026-07-28 00:00:00+00:00,37.1,17.8,29.95,27.45,60.0,37.6,22.0,1.52,7.4,0.0,0.0,,13,False
1701X,2026-07-28 00:00:00+00:00,39.1,25.6,33.8,32.35,49.0,32.8,26.0,2.77,11.3,0.0,0.0,,12,False
1706A,2026-07-28 00:00:00+00:00,37.0,26.4,32.98,31.7,40.0,31.2,23.0,,,0.0,0.0,,11,False
1719,2026-07-28 00:00:00+00:00,32.4,24.9,28.84,28.65,59.0,42.1,30.0,,,0.0,0.0,,11,False
1723X,2026-07-28 00:00:00+00:00,36.2,26.3,33.36,31.25,47.0,35.6,26.0,,,,,,8,False
1730E,2026-07-28 00:00:00+00:00,30.0,23.8,26.96,26.9,70.0,60.8,50.0,,,0.0,0.0,,9,False
1735X,2026-07-28 00:00:00+00:00,37.1,18.3,30.65,27.7,66.0,31.8,17.0,2.88,9.4,0.0,0.0,,13,False
1738U,2026-07-28 00:00:00+00:00,35.3,26.3,31.57,30.8,49.0,37.0,28.0,,,0.0,0.0,,10,False
1740,2026-07-28 00:00:00+00:00,30.7,21.6,27.07,26.15,86.0,65.8,38.0,1.23,4.1,0.0,0.0,,12,False
2005Y,2026-07-28 00:00:00+00:00,34.4,19.5,29.85,26.95,46.0,28.6,17.0,,,0.0,0.0,,12,False
2017Y,2026-07-28 00:00:00+00:00,34.5,25.7,31.82,30.1,35.0,24.3,17.0,3.28,8.6,0.0,0.0,,10,False
2030,2026-07-28 00:00:00+00:00,35.6,24.4,31.62,30.0,38.0,20.9,11.0,2.23,7.7,0.0,0.0,558.7,13,False
2044B,2026-07-28 00:00:00+00:00,35.1,22.5,30.95,28.8,36.0,21.8,15.0,2.48,7.7,0.0,0.0,,13,False
2048A,2026-07-28 00:00:00+00:00,37.0,20.9,32.37,28.95,39.0,23.8,16.0,2.13,9.1,0.0,0.0,,12,False
2059B,2026-07-28 00:00:00+00:00,34.8,23.6,31.37,29.2,32.0,24.2,19.0,4.75,10.7,0.0,0.0,,13,False
2084Y,2026-07-28 00:00:00+00:00,34.8,18.7,29.53,26.75,60.0,32.1,18.0,,,0.0,0.0,,12,False
2092,2026-07-28 00:00:00+00:00,36.8,24.9,33.18,30.85,29.0,19.7,14.0,2.48,12.8,0.0,0.0,,12,False
2096B,2026-07-28 00:00:00+00:00,35.6,30.6,33.78,33.1,23.0,18.7,16.0,3.0,10.5,0.0,0.0,,9,False
2106B,2026-07-28 00:00:00+00:00,35.4,26.4,32.39,30.9,28.0,20.7,17.0,2.18,7.3,0.0,0.0,,12,False
2117D,2026-07-28 00:00:00+00:00,36.1,20.0,30.88,28.05,53.0,24.8,13.0,0.86,5.4,0.0,0.0,51.0,13,False
2135A,2026-07-28 00:00:00+00:00,39.1,22.2,33.34,30.65,38.0,23.4,18.0,2.91,13.3,0.0,0.0,,13,False
2140A,2026-07-28 00:00:00+00:00,34.5,24.8,31.3,29.65,27.0,20.3,15.0,3.07,8.8,0.0,0.0,,12,False
2166Y,2026-07-28 00:00:00+00:00,35.5,22.8,33.05,29.15,39.0,24.5,18.0,,,0.0,0.0,,10,False
2172Y,2026-07-28 00:00:00+00:00,37.9,26.7,35.3,32.3,34.0,21.8,15.0,2.06,13.4,0.0,0.0,,9,False
2182C,2026-07-28 00:00:00+00:00,35.2,28.3,32.72,31.75,25.0,18.4,16.0,2.73,11.0,0.0,0.0,,11,False
2243A,2026-07-28 00:00:00+00:00,35.8,21.4,30.95,28.6,54.0,30.8,21.0,2.48,9.7,0.0,0.0,,12,False
2276B,2026-07-28 00:00:00+00:00,35.6,22.2,31.28,28.9,39.0,25.9,20.0,2.97,9.4,0.0,0.0,,12,False
2285B,2026-07-28 00:00:00+00:00,36.4,23.4,31.44,29.9,35.0,19.9,14.0,3.09,11.0,0.0,0.0,,13,False
2290Y,2026-07-28 00:00:00+00:00,37.0,26.7,34.27,31.85,34.0,23.3,18.0,1.89,7.0,0.0,0.0,,10,False
2296A,2026-07-28 00:00:00+00:00,36.2,22.9,31.44,29.55,41.0,28.2,21.0,2.82,9.6,0.0,0.0,,12,False
2298,2026-07-28 00:00:00+00:00,35.2,19.9,30.02,27.55,37.0,19.8,11.0,2.28,8.0,0.0,0.0,545.0,13,False
2302N,2026-07-28 00:00:00+00:00,32.7,19.5,28.81,26.1,47.0,27.7,18.0,2.29,8.9,0.0,0.0,,13,False
2311Y,2026-07-28 00:00:00+00:00,35.5,26.1,32.18,30.8,28.0,22.9,18.0,1.97,6.8,0.0,0.0,,13,False
2331,2026-07-28 00:00:00+00:00,35.4,20.7,30.96,28.05,44.0,21.8,15.0,3.02,9.0,0.0,0.0,589.4,13,False
2362C,2026-07-28 00:00:00+00:00,29.4,23.5,27.13,26.45,28.0,21.3,16.0,5.34,13.0,0.0,0.0,,11,False
2374X,2026-07-28 00:00:00+00:00,34.6,18.0,28.61,26.3,63.0,32.7,16.0,1.15,7.2,0.0,0.0,525.0,13,False
2400E,2026-07-28 00:00:00+00:00,35.1,24.9,31.53,30.0,29.0,20.2,16.0,2.82,8.5,0.0,0.0,,13,False
2401X,2026-07-28 00:00:00+00:00,36.5,20.8,31.15,28.65,47.0,29.3,19.0,1.38,6.9,0.0,0.0,,13,False
2422,2026-07-28 00:00:00+00:00,37.6,24.7,33.57,31.15,28.0,14.9,8.0,1.24,7.4,0.0,0.0,535.5,13,False
2422X,2026-07-28 00:00:00+00:00,36.4,21.0,31.45,28.7,59.0,26.9,14.0,2.47,8.4,0.0,0.0,,13,False
2430Y,2026-07-28 00:00:00+00:00,34.0,26.1,31.38,30.05,28.0,22.8,20.0,3.71,10.2,0.0,0.0,,12,False
2444,2026-07-28 00:00:00+00:00,34.8,22.6,31.4,28.7,35.0,18.2,14.0,2.41,13.7,0.0,0.0,598.8,13,False
2453E,2026-07-28 00:00:00+00:00,36.5,32.4,34.84,34.45,20.0,18.6,17.0,3.0,11.5,0.0,0.0,,9,False
2456B,2026-07-28 00:00:00+00:00,38.2,29.1,34.98,33.65,20.0,13.0,10.0,1.94,6.9,0.0,0.0,,12,False
2462,2026-07-28 00:00:00+00:00,28.9,20.9,25.41,24.9,30.0,20.7,17.0,3.92,10.1,0.0,0.0,597.0,13,False
2465,2026-07-28 00:00:00+00:00,35.6,25.6,32.48,30.6,25.0,15.2,12.0,3.3,9.1,0.0,0.0,595.2,13,False
2491C,2026-07-28 00:00:00+00:00,25.4,20.6,23.45,23.0,33.0,25.9,19.0,3.63,9.7,0.0,0.0,616.0,13,False
2503B,2026-07-28 00:00:00+00:00,37.1,26.8,34.32,31.95,29.0,19.9,17.0,2.38,8.2,0.0,0.0,,12,False
2507Y,2026-07-28 00:00:00+00:00,37.3,27.2,34.51,32.25,30.0,19.6,15.0,2.19,6.7,0.0,0.0,,11,False
2512Y,2026-07-28 00:00:00+00:00,36.4,29.5,33.93,32.95,24.0,18.5,16.0,2.68,8.1,0.0,0.0,,11,False
2517A,2026-07-28 00:00:00+00:00,38.7,30.6,36.18,34.65,21.0,14.0,11.0,1.91,6.2,0.0,0.0,,9,False
2536D,2026-07-28 00:00:00+00:00,38.4,26.1,33.57,32.25,30.0,19.3,13.0,2.01,4.5,0.0,0.0,,13,False
2555B,2026-07-28 00:00:00+00:00,37.1,26.5,34.06,31.8,31.0,18.8,13.0,2.94,9.0,0.0,0.0,,11,False
2565,2026-07-28 00:00:00+00:00,37.1,25.8,33.3,31.45,38.0,23.4,18.0,2.12,6.5,0.0,0.0,,13,False
2568D,2026-07-28 00:00:00+00:00,33.2,25.9,31.81,29.55,30.0,21.8,16.0,3.36,15.6,0.0,0.0,,9,False
2593D,2026-07-28 00:00:00+00:00,37.4,22.8,33.02,30.1,38.0,23.3,16.0,2.3,9.0,0.0,0.0,,13,False
2604B,2026-07-28 00:00:00+00:00,36.7,25.4,33.26,31.05,33.0,21.8,15.0,1.96,8.3,0.0,0.0,,12,False
2611D,2026-07-28 00:00:00+00:00,36.8,25.6,33.13,31.2,35.0,24.2,19.0,1.88,8.7,0.0,0.0,,12,False
2614,2026-07-28 00:00:00+00:00,38.3,23.7,33.95,31.0,37.0,17.9,12.0,1.62,6.9,0.0,0.0,576.1,13,False
2624C,2026-07-28 00:00:00+00:00,32.6,20.0,28.49,26.3,58.0,34.7,22.0,1.87,10.2,0.0,0.0,,12,False
2626Y,2026-07-28 00:00:00+00:00,33.3,26.6,31.7,29.95,33.0,24.1,19.0,2.92,8.4,0.0,0.0,,9,False
2661,2026-07-28 00:00:00+00:00,33.8,22.6,30.45,28.2,31.0,18.2,13.0,3.06,9.8,0.0,0.0,595.0,13,False
2664B,2026-07-28 00:00:00+00:00,34.2,23.9,30.84,29.05,39.0,25.1,18.0,3.27,7.2,0.0,0.0,,12,False
2701D,2026-07-28 00:00:00+00:00,32.5,24.7,30.66,28.6,33.0,26.8,23.0,3.87,9.9,0.0,0.0,,9,False
2728B,2026-07-28 00:00:00+00:00,33.2,26.5,31.39,29.85,30.0,26.2,24.0,2.43,7.7,0.0,0.0,,10,False
2734D,2026-07-28 00:00:00+00:00,35.3,25.6,31.02,30.45,42.0,26.0,18.0,3.47,10.9,0.0,0.0,,13,False
2737E,2026-07-28 00:00:00+00:00,33.6,20.7,29.61,27.15,45.0,22.5,14.0,3.21,10.1,0.0,0.0,,13,False
2742R,2026-07-28 00:00:00+00:00,32.5,24.6,30.54,28.55,44.0,34.6,29.0,2.71,6.9,0.0,0.0,,9,False
2755X,2026-07-28 00:00:00+00:00,35.9,23.6,31.19,29.75,50.0,26.2,14.0,1.49,6.6,0.0,0.0,520.0,13,False
2766E,2026-07-28 00:00:00+00:00,32.6,16.1,26.28,24.35,80.0,55.7,31.0,0.68,5.4,0.0,0.0,,13,False
2775X,2026-07-28 00:00:00+00:00,35.4,24.1,31.12,29.75,38.0,22.5,15.0,2.38,8.8,0.0,0.0,588.0,13,False
2777K,2026-07-28 00:00:00+00:00,36.0,24.1,32.21,30.05,34.0,20.7,13.0,2.55,10.0,0.0,0.0,,12,False
2789H,2026-07-28 00:00:00+00:00,36.7,25.8,33.85,31.25,37.0,23.2,18.0,2.19,8.7,0.0,0.0,,10,False
2804F,2026-07-28 00:00:00+00:00,37.9,26.5,34.88,32.2,31.0,18.4,14.0,3.84,11.9,0.0,0.0,,9,False
2828Y,2026-07-28 00:00:00+00:00,33.3,20.6,30.01,26.95,52.0,22.7,14.0,3.22,9.4,0.0,0.0,,12,False
2847X,2026-07-28 00:00:00+00:00,35.7,21.2,32.12,28.45,44.0,23.7,18.0,3.03,10.3,0.0,0.0,,13,False
2863C,2026-07-28 00:00:00+00:00,37.0,31.1,34.64,34.05,20.0,16.7,14.0,2.44,8.9,0.0,0.0,,10,False
2867,2026-07-28 00:00:00+00:00,37.1,19.8,31.95,28.45,69.0,29.4,16.0,2.48,7.2,0.0,0.0,593.0,13,False
2870X,2026-07-28 00:00:00+00:00,37.8,22.8,32.89,30.3,42.0,19.7,11.0,2.29,8.6,0.0,0.0,,13,False
2873X,2026-07-28 00:00:00+00:00,36.9,24.7,33.46,30.8,35.0,21.3,16.0,2.48,9.0,0.0,0.0,,12,False
2882D,2026-07-28 00:00:00+00:00,36.0,26.1,31.78,31.05,26.0,18.6,14.0,2.96,9.2,0.0,0.0,,13,False
2885K,2026-07-28 00:00:00+00:00,37.3,23.8,33.17,30.55,33.0,20.4,15.0,3.37,12.6,0.0,0.0,,12,False
2891A,2026-07-28 00:00:00+00:00,38.5,26.7,35.17,32.6,34.0,21.4,16.0,3.6,10.4,0.0,0.0,,11,False
2914C,2026-07-28 00:00:00+00:00,36.1,30.0,34.46,33.05,21.0,15.6,13.0,3.25,8.9,0.0,0.0,,10,False
2916A,2026-07-28 00:00:00+00:00,37.4,23.8,32.72,30.6,41.0,18.8,12.0,3.3,10.0,0.0,0.0,511.0,13,False
2918Y,2026-07-28 00:00:00+00:00,33.8,21.8,30.63,27.8,38.0,24.5,20.0,3.65,10.6,0.0,0.0,,13,False
2926B,2026-07-28 00:00:00+00:00,36.7,26.7,33.82,31.7,41.0,22.5,18.0,3.02,11.8,0.0,0.0,,12,False
2930Y,2026-07-28 00:00:00+00:00,33.7,15.9,28.78,24.8,62.0,32.5,20.0,2.06,8.7,0.0,0.0,,13,False
2945A,2026-07-28 00:00:00+00:00,35.3,26.5,32.57,30.9,34.0,25.6,21.0,4.02,9.5,0.0,0.0,,12,False
2946X,2026-07-28 00:00:00+00:00,39.5,25.3,34.95,32.4,35.0,14.8,9.0,3.27,10.2,0.0,0.0,559.0,13,False
2966D,2026-07-28 00:00:00+00:00,36.1,26.6,32.65,31.35,37.0,23.4,17.0,3.18,10.0,0.0,0.0,,12,False
2969U,2026-07-28 00:00:00+00:00,35.1,27.1,33.0,31.1,33.0,26.4,22.0,,,0.0,0.0,,9,False
2978X,2026-07-28 00:00:00+00:00,39.2,23.7,35.82,31.45,40.0,23.0,16.0,,,0.0,0.0,,9,False
3013,2026-07-28 00:00:00+00:00,34.9,21.7,30.8,28.3,35.0,23.0,14.0,1.57,6.8,0.0,0.0,531.7,13,False
3021Y,2026-07-28 00:00:00+00:00,34.0,25.2,30.71,29.6,31.0,23.8,16.0,3.68,9.7,0.0,0.0,,12,False
3040X,2026-07-28 00:00:00+00:00,32.3,24.8,28.95,28.55,30.0,20.8,15.0,3.89,10.0,0.0,0.0,,13,False
3040Y,2026-07-28 00:00:00+00:00,34.7,28.2,32.56,31.45,24.0,18.5,14.0,,,0.0,0.0,,10,False
3094B,2026-07-28 00:00:00+00:00,38.9,27.4,34.38,33.15,28.0,15.3,9.0,2.55,7.8,0.0,0.0,461.0,13,False
3099Y,2026-07-28 00:00:00+00:00,38.2,28.3,34.49,33.25,41.0,24.3,19.0,2.12,7.2,0.0,0.0,,12,False
3100B,2026-07-28 00:00:00+00:00,38.8,28.5,34.92,33.65,38.0,21.5,15.0,2.05,6.6,0.0,0.0,,13,False
3103,2026-07-28 00:00:00+00:00,36.5,27.0,34.05,31.75,32.0,21.6,17.0,2.31,8.8,0.0,0.0,,10,False
3104Y,2026-07-28 00:00:00+00:00,34.5,20.1,30.65,27.3,50.0,26.5,18.0,1.21,6.0,0.0,0.0,,11,False
3110C,2026-07-28 00:00:00+00:00,34.3,20.0,30.17,27.15,42.0,24.2,18.0,2.38,8.7,0.0,0.0,,13,False
3111D,2026-07-28 00:00:00+00:00,31.3,22.9,27.85,27.1,30.0,25.5,22.0,2.93,8.4,0.0,0.0,,13,False
3121F,2026-07-28 00:00:00+00:00,35.8,25.3,32.28,30.55,29.0,20.7,15.0,2.78,8.6,0.0,0.0,,13,False
3125Y,2026-07-28 00:00:00+00:00,38.3,28.4,34.74,33.35,40.0,22.2,16.0,,,0.0,0.0,,12,False
3126Y,2026-07-28 00:00:00+00:00,35.1,26.5,32.56,30.8,41.0,24.2,19.0,1.4,7.6,0.0,0.0,,12,False
3129,2026-07-28 00:00:00+00:00,38.6,28.3,34.72,33.45,39.0,21.1,14.0,2.42,8.2,0.0,0.0,556.0,13,False
3129A,2026-07-28 00:00:00+00:00,38.6,28.1,34.48,33.35,38.0,19.2,13.0,1.75,6.8,0.0,0.0,,13,False
3130C,2026-07-28 00:00:00+00:00,34.3,19.3,30.17,26.8,44.0,21.1,13.0,1.72,7.6,0.0,0.0,315.0,13,False
3140Y,2026-07-28 00:00:00+00:00,36.3,28.0,33.52,32.15,37.0,23.2,19.0,,,0.0,0.0,,11,False
3158D,2026-07-28 00:00:00+00:00,33.2,20.6,28.57,26.9,34.0,23.2,19.0,3.46,10.0,0.0,0.0,,13,False
3168D,2026-07-28 00:00:00+00:00,37.8,27.4,34.14,32.6,40.0,20.3,13.0,2.15,8.1,0.0,0.0,581.4,13,False
3170Y,2026-07-28 00:00:00+00:00,39.3,29.4,36.46,34.35,40.0,24.3,19.0,1.94,7.6,0.0,0.0,,11,False
3182Y,2026-07-28 00:00:00+00:00,38.8,26.4,34.61,32.6,39.0,26.4,19.0,2.02,6.7,0.0,0.0,,13,False
3191E,2026-07-28 00:00:00+00:00,36.7,27.9,32.83,32.3,32.0,20.1,16.0,2.71,7.6,0.0,0.0,,13,False
3194U,2026-07-28 00:00:00+00:00,38.7,26.4,34.0,32.55,35.0,19.8,12.0,1.04,12.2,0.0,0.0,,13,False
3194Y,2026-07-28 00:00:00+00:00,37.6,28.7,34.55,33.15,39.0,24.5,18.0,,,0.0,0.0,,11,False
3195,2026-07-28 00:00:00+00:00,37.1,26.3,33.27,31.7,42.0,25.1,17.0,1.77,6.4,0.0,0.0,,13,False
3209Y,2026-07-28 00:00:00+00:00,35.3,27.0,33.14,31.15,41.0,23.8,19.0,,,0.0,0.0,,10,False
3229Y,2026-07-28 00:00:00+00:00,37.5,28.2,34.63,32.85,41.0,24.9,20.0,,,0.0,0.0,,12,False
3245Y,2026-07-28 00:00:00+00:00,38.7,28.4,36.01,33.55,41.0,21.7,15.0,,,0.0,0.0,,9,False
3254Y,2026-07-28 00:00:00+00:00,38.6,29.7,36.1,34.15,40.0,22.9,17.0,1.96,6.7,0.0,0.0,,10,False
3260B,2026-07-28 00:00:00+00:00,41.0,27.8,36.07,34.4,41.0,19.9,12.0,2.55,8.2,0.0,0.0,570.4,13,False
3266A,2026-07-28 00:00:00+00:00,29.7,24.5,27.48,27.1,32.0,26.0,23.0,3.76,10.2,0.0,0.0,,13,False
3268C,2026-07-28 00:00:00+00:00,36.5,25.5,32.69,31.0,32.0,23.6,19.0,1.71,7.2,0.0,0.0,,13,False
3305Y,2026-07-28 00:00:00+00:00,39.3,29.0,36.92,34.15,35.0,23.2,18.0,,,0.0,0.0,,9,False
3319D,2026-07-28 00:00:00+00:00,32.3,16.9,28.2,24.6,48.0,28.7,23.0,2.84,8.4,0.0,0.0,,12,False
3330Y,2026-07-28 00:00:00+00:00,35.3,26.0,32.79,30.65,38.0,22.2,17.0,,,0.0,0.0,,10,False
3337U,2026-07-28 00:00:00+00:00,36.6,25.6,33.21,31.1,30.0,23.5,19.0,2.01,8.5,0.0,0.0,,13,False
3338,2026-07-28 00:00:00+00:00,36.0,26.4,32.82,31.2,31.0,20.8,15.0,2.72,10.3,0.0,0.0,,13,False
3343Y,2026-07-28 00:00:00+00:00,36.9,27.2,33.18,32.05,38.0,24.4,18.0,2.22,7.5,0.0,0.0,,13,False
3365A,2026-07-28 00:00:00+00:00,40.6,25.0,34.19,32.8,51.0,29.9,16.0,1.35,7.7,0.0,0.0,514.0,13,False
3386A,2026-07-28 00:00:00+00:00,35.7,25.2,31.99,30.45,29.0,22.7,19.0,1.52,6.5,0.0,0.0,,13,False
3394X,2026-07-28 00:00:00+00:00,37.9,28.3,33.88,33.1,28.0,19.5,14.0,2.23,7.4,0.0,0.0,,13,False
3422D,2026-07-28 00:00:00+00:00,40.8,28.7,36.8,34.75,35.0,24.9,17.0,1.3,6.3,0.0,0.0,,12,False
3423I,2026-07-28 00:00:00+00:00,40.8,29.0,35.15,34.9,33.0,26.4,19.0,1.02,4.8,0.0,0.0,,13,False
3427Y,2026-07-28 00:00:00+00:00,41.2,30.9,37.73,36.05,40.0,24.9,19.0,,,0.0,0.0,,11,False
3434X,2026-07-28 00:00:00+00:00,41.1,25.2,35.35,33.15,41.0,25.1,16.0,2.24,7.2,0.0,0.0,499.0,13,False
3436D,2026-07-28 00:00:00+00:00,37.2,27.6,32.36,32.4,36.0,31.2,24.0,2.56,6.5,0.0,0.0,,12,False
3448X,2026-07-28 00:00:00+00:00,41.2,29.4,36.64,35.3,28.0,20.3,16.0,2.79,8.8,0.0,0.0,,13,False
3455X,2026-07-28 00:00:00+00:00,39.1,29.9,35.65,34.5,21.0,16.4,14.0,2.65,8.3,0.0,0.0,,13,False
3463Y,2026-07-28 00:00:00+00:00,38.3,31.3,35.45,34.8,19.0,16.3,13.0,3.29,9.5,0.0,0.0,,13,False
3469A,2026-07-28 00:00:00+00:00,39.7,31.1,36.44,35.4,21.0,16.5,14.0,3.41,10.7,0.0,0.0,608.6,13,False
3475X,2026-07-28 00:00:00+00:00,40.2,31.2,36.65,35.7,22.0,17.6,15.0,3.09,9.4,0.0,0.0,,13,False
3484X,2026-07-28 00:00:00+00:00,36.9,22.9,32.43,29.9,46.0,25.5,16.0,3.41,10.8,0.0,0.0,,13,False
3494U,2026-07-28 00:00:00+00:00,38.9,21.1,33.19,30.0,48.0,28.4,20.0,2.17,9.6,0.0,0.0,,13,False
3503,2026-07-28 00:00:00+00:00,39.6,27.5,35.85,33.55,31.0,22.5,18.0,2.68,9.1,0.0,0.0,,13,False
3504X,2026-07-28 00:00:00+00:00,35.7,24.8,32.17,30.25,35.0,23.9,16.0,2.79,8.7,0.0,0.0,,13,False
3512X,2026-07-28 00:00:00+00:00,40.0,30.0,36.98,35.0,38.0,24.3,19.0,2.57,7.8,0.0,0.0,,11,False
3514B,2026-07-28 00:00:00+00:00,35.0,24.9,31.32,29.95,37.0,27.8,22.0,3.36,10.8,0.0,0.0,,13,False
3516X,2026-07-28 00:00:00+00:00,31.3,21.3,27.96,26.3,40.0,32.8,28.0,1.91,7.7,0.0,0.0,,13,False
3518X,2026-07-28 00:00:00+00:00,40.3,27.8,35.26,34.05,39.0,26.2,18.0,3.05,10.9,0.0,0.0,,13,False
3526X,2026-07-28 00:00:00+00:00,40.6,28.9,36.05,34.75,27.0,17.2,13.0,2.57,7.7,0.0,0.0,598.0,13,False
3531X,2026-07-28 00:00:00+00:00,39.7,21.4,34.59,30.55,37.0,23.0,16.0,2.37,9.8,0.0,0.0,,13,False
3536X,2026-07-28 00:00:00+00:00,37.6,28.6,33.57,33.1,26.0,20.5,15.0,2.05,7.4,0.0,0.0,,13,False
3540X,2026-07-28 00:00:00+00:00,40.2,30.3,36.74,35.25,28.0,11.1,6.0,3.65,9.9,0.0,0.0,,13,False
3547X,2026-07-28 00:00:00+00:00,39.2,27.3,34.86,33.25,25.0,20.2,16.0,3.42,11.5,0.0,0.0,,13,False
3562X,2026-07-28 00:00:00+00:00,39.4,32.6,37.61,36.0,22.0,18.7,16.0,3.1,8.9,0.0,0.0,,11,False
3565X,2026-07-28 00:00:00+00:00,39.1,29.5,35.74,34.3,37.0,20.1,15.0,3.86,9.4,0.0,0.0,,13,False
3576X,2026-07-28 00:00:00+00:00,38.4,28.4,34.89,33.4,44.0,20.5,12.0,2.98,9.1,0.0,0.0,417.0,13,False
4007Y,2026-07-28 00:00:00+00:00,38.1,30.4,35.45,34.25,36.0,21.7,17.0,2.28,8.0,0.0,0.0,,11,False
4051Y,2026-07-28 00:00:00+00:00,36.4,28.8,34.09,32.6,36.0,22.9,18.0,2.49,8.9,0.0,0.0,,11,False
4061X,2026-07-28 00:00:00+00:00,38.7,27.1,34.75,32.9,40.0,24.6,18.0,1.73,7.2,0.0,0.0,,13,False
4064Y,2026-07-28 00:00:00+00:00,39.5,28.7,36.12,34.1,41.0,23.8,17.0,1.73,6.7,0.0,0.0,,12,False
4067,2026-07-28 00:00:00+00:00,38.0,26.8,34.54,32.4,38.0,17.0,11.0,2.45,8.0,0.0,0.0,571.0,13,False
4070Y,2026-07-28 00:00:00+00:00,34.6,26.0,31.04,30.3,39.0,29.0,22.0,2.87,8.6,0.0,0.0,,13,False
4075Y,2026-07-28 00:00:00+00:00,36.1,27.3,33.58,31.7,39.0,25.9,22.0,,,0.0,0.0,,9,False
4089A,2026-07-28 00:00:00+00:00,37.2,26.6,33.32,31.9,35.0,24.7,18.0,2.92,8.4,0.0,0.0,,13,False
4090Y,2026-07-28 00:00:00+00:00,36.3,27.3,33.07,31.8,33.0,23.0,17.0,3.83,9.5,0.0,0.0,583.0,13,False
4091Y,2026-07-28 00:00:00+00:00,36.5,26.4,33.42,31.45,43.0,26.3,20.0,3.52,11.0,0.0,0.0,,12,False
4093Y,2026-07-28 00:00:00+00:00,37.9,27.7,35.46,32.8,41.0,25.1,20.0,3.12,8.4,0.0,0.0,,10,False
4095Y,2026-07-28 00:00:00+00:00,36.3,28.3,33.97,32.3,39.0,25.3,20.0,3.29,10.6,0.0,0.0,,12,False
4096Y,2026-07-28 00:00:00+00:00,37.0,28.4,33.62,32.7,40.0,27.9,19.0,1.74,8.8,0.0,0.0,,11,False
4103X,2026-07-28 00:00:00+00:00,39.1,27.8,34.75,33.45,36.0,20.8,13.0,4.06,8.8,0.0,0.0,502.0,13,False
4116I,2026-07-28 00:00:00+00:00,39.6,27.6,36.22,33.6,29.0,17.3,13.0,,,0.0,0.0,,11,False
4121,2026-07-28 00:00:00+00:00,39.0,28.0,35.66,33.5,31.0,19.5,15.0,1.38,5.4,0.0,0.0,565.1,13,False
4138Y,2026-07-28 00:00:00+00:00,38.9,30.4,36.1,34.65,27.0,20.6,18.0,1.75,7.3,0.0,0.0,,11,False
4147X,2026-07-28 00:00:00+00:00,38.6,30.5,36.22,34.55,20.0,14.1,11.0,1.17,5.6,0.0,0.0,418.0,12,False
4148,2026-07-28 00:00:00+00:00,40.4,27.9,35.58,34.15,24.0,18.5,14.0,2.76,12.0,0.0,0.0,,13,False
4193Y,2026-07-28 00:00:00+00:00,39.8,31.0,37.24,35.4,,,,,,0.0,0.0,,10,False
4195E,2026-07-28 00:00:00+00:00,39.0,27.8,34.37,33.4,32.0,20.8,14.0,1.99,7.0,0.0,0.0,,13,False
4210Y,2026-07-28 00:00:00+00:00,39.8,26.7,34.95,33.25,31.0,23.0,17.0,1.75,6.5,0.0,0.0,,13,False
4220X,2026-07-28 00:00:00+00:00,40.7,28.2,36.4,34.45,24.0,16.7,13.0,1.93,7.0,0.0,0.0,,13,False
4236Y,2026-07-28 00:00:00+00:00,39.4,30.3,35.32,34.85,20.0,17.2,14.0,1.9,6.8,0.0,0.0,,13,False
4244X,2026-07-28 00:00:00+00:00,40.5,30.8,36.43,35.65,20.0,16.2,12.0,2.05,9.3,0.0,0.0,585.0,13,False
4245X,2026-07-28 00:00:00+00:00,38.3,25.7,33.67,32.0,30.0,22.5,17.0,1.76,7.2,0.0,0.0,,13,False
4260,2026-07-28 00:00:00+00:00,38.1,27.8,34.85,32.95,31.0,22.2,19.0,3.52,9.6,0.0,0.0,,13,False
4263X,2026-07-28 00:00:00+00:00,38.3,31.0,35.75,34.65,25.0,18.5,15.0,3.83,12.2,0.0,0.0,,11,False
4267X,2026-07-28 00:00:00+00:00,38.9,27.7,34.96,33.3,27.0,18.2,13.0,3.23,7.9,0.0,0.0,,13,False
4300Y,2026-07-28 00:00:00+00:00,41.8,31.0,36.33,36.4,21.0,15.2,11.0,2.1,7.7,0.0,0.0,,13,False
4325Y,2026-07-28 00:00:00+00:00,39.5,31.8,36.28,35.65,21.0,15.3,12.0,4.05,10.6,0.0,0.0,,13,False
4339X,2026-07-28 00:00:00+00:00,38.6,26.8,34.71,32.7,31.0,23.1,17.0,2.12,7.5,0.0,0.0,,13,False
4340,2026-07-28 00:00:00+00:00,41.1,28.5,36.91,34.8,39.0,22.3,16.0,2.65,8.3,0.0,0.0,,13,False
4347X,2026-07-28 00:00:00+00:00,39.7,31.7,36.04,35.7,23.0,19.4,15.0,3.15,9.2,0.0,0.0,,13,False
4358X,2026-07-28 00:00:00+00:00,40.8,28.7,36.32,34.75,34.0,22.7,12.0,1.22,6.4,0.0,0.0,550.0,13,False
4362X,2026-07-28 00:00:00+00:00,39.6,30.0,35.92,34.8,28.0,17.4,13.0,3.81,10.9,0.0,0.0,,13,False
4395X,2026-07-28 00:00:00+00:00,39.7,29.7,36.09,34.7,41.0,18.9,12.0,2.84,8.7,0.0,0.0,,13,False
4410X,2026-07-28 00:00:00+00:00,40.0,30.4,36.26,35.2,35.0,23.2,18.0,3.82,9.9,0.0,0.0,,13,False
4411C,2026-07-28 00:00:00+00:00,40.0,31.5,37.14,35.75,16.0,10.8,8.0,3.91,10.2,0.0,0.0,,10,False
4427X,2026-07-28 00:00:00+00:00,40.5,28.8,35.66,34.65,47.0,21.8,14.0,2.48,9.9,0.0,0.0,,13,False
4436Y,2026-07-28 00:00:00+00:00,40.9,30.0,36.59,35.45,39.0,20.0,14.0,3.3,9.2,0.0,0.0,,13,False
4442X,2026-07-28 00:00:00+00:00,40.0,29.7,36.12,34.85,44.0,24.4,18.0,3.55,10.9,0.0,0.0,,13,False
4452,2026-07-28 00:00:00+00:00,40.1,29.1,35.82,34.6,34.0,22.5,15.0,2.52,7.7,0.0,0.0,575.1,13,False
4464X,2026-07-28 00:00:00+00:00,40.1,28.0,35.26,34.05,52.0,26.5,19.0,2.49,7.3,0.0,0.0,,13,False
4468X,2026-07-28 00:00:00+00:00,38.1,29.8,34.82,33.95,33.0,19.6,15.0,3.89,9.4,0.0,0.0,,13,False
4478X,2026-07-28 00:00:00+00:00,40.8,28.8,36.08,34.8,42.0,27.3,19.0,2.37,7.0,0.0,0.0,,13,False
4486X,2026-07-28 00:00:00+00:00,40.4,27.8,35.93,34.1,39.0,24.3,18.0,4.23,12.0,0.0,0.0,,13,False
4489X,2026-07-28 00:00:00+00:00,38.4,27.4,34.01,32.9,47.0,31.2,22.0,4.36,11.3,0.0,0.0,,13,False
4492F,2026-07-28 00:00:00+00:00,40.3,27.8,35.73,34.05,48.0,22.2,14.0,3.02,10.1,0.0,0.0,,13,False
4497X,2026-07-28 00:00:00+00:00,38.8,28.0,34.83,33.4,48.0,26.2,17.0,4.49,10.1,0.0,0.0,,13,False
4499X,2026-07-28 00:00:00+00:00,36.1,26.6,32.59,31.35,50.0,28.6,21.0,2.79,9.1,0.0,0.0,,13,False
4501X,2026-07-28 00:00:00+00:00,38.4,26.1,33.83,32.25,53.0,26.5,18.0,3.82,9.8,0.0,0.0,,13,False
4511C,2026-07-28 00:00:00+00:00,40.4,27.4,35.23,33.9,52.0,23.5,13.0,4.57,12.6,0.0,0.0,596.0,13,False
4520X,2026-07-28 00:00:00+00:00,38.1,24.6,33.3,31.35,57.0,28.9,18.0,1.77,7.0,0.0,0.0,,13,False
4541X,2026-07-28 00:00:00+00:00,38.9,27.9,34.78,33.4,59.0,35.3,22.0,,,0.0,0.0,,11,False
4549Y,2026-07-28 00:00:00+00:00,32.9,24.0,28.3,28.45,85.0,62.2,35.0,2.53,7.3,0.0,0.0,,13,False
4554X,2026-07-28 00:00:00+00:00,32.5,23.9,28.16,28.2,83.0,62.3,39.0,2.61,6.3,0.0,0.0,,12,False
4560Y,2026-07-28 00:00:00+00:00,37.3,29.7,34.28,33.5,24.0,19.4,16.0,2.78,7.5,0.0,0.0,300.0,5,False
4575X,2026-07-28 00:00:00+00:00,37.2,22.9,31.15,30.05,82.0,42.6,18.0,4.0,9.7,0.0,0.0,,13,False
4584X,2026-07-28 00:00:00+00:00,38.1,27.3,34.25,32.7,60.0,33.5,22.0,,,0.0,0.0,,11,False
4589X,2026-07-28 00:00:00+00:00,36.1,23.7,31.21,29.9,79.0,45.9,25.0,4.51,11.1,0.0,0.0,,13,False
4608X,2026-07-28 00:00:00+00:00,36.8,23.2,31.58,30.0,78.0,38.6,19.0,2.96,9.1,0.0,0.0,,13,False
4622X,2026-07-28 00:00:00+00:00,37.8,30.6,35.09,34.2,38.0,26.4,19.0,3.69,8.9,0.0,0.0,,7,False
4642E,2026-07-28 00:00:00+00:00,35.0,24.7,29.95,29.85,81.0,55.2,30.0,4.02,11.0,0.0,0.0,596.3,13,False
5000D,2026-07-28 00:00:00+00:00,29.3,24.4,26.88,26.85,93.0,82.1,75.0,3.19,8.6,0.0,0.0,488.9,13,False
5006X,2026-07-28 00:00:00+00:00,36.1,21.2,31.22,28.65,59.0,29.5,15.0,1.46,6.6,0.0,0.0,,13,False
5038Y,2026-07-28 00:00:00+00:00,40.1,25.2,34.87,32.65,56.0,30.8,21.0,,,0.0,0.0,,12,False
5051X,2026-07-28 00:00:00+00:00,36.2,24.9,31.81,30.55,43.0,20.9,12.0,2.15,7.5,0.0,0.0,495.0,13,False
5060X,2026-07-28 00:00:00+00:00,31.3,23.9,28.89,27.6,47.0,33.4,25.0,,,0.0,0.0,,11,False
5103E,2026-07-28 00:00:00+00:00,27.9,20.3,24.57,24.1,37.0,30.1,25.0,2.31,6.3,,,,13,False
5103F,2026-07-28 00:00:00+00:00,33.4,23.1,29.09,28.25,37.0,27.7,21.0,2.26,6.7,,,,13,False
5107D,2026-07-28 00:00:00+00:00,33.0,23.5,29.22,28.25,53.0,30.8,20.0,6.99,13.5,0.0,0.0,,13,False
5112X,2026-07-28 00:00:00+00:00,38.0,25.3,32.34,31.65,50.0,28.4,16.0,3.49,10.4,0.0,0.0,,13,False
5164B,2026-07-28 00:00:00+00:00,40.4,29.2,35.61,34.8,31.0,24.3,17.0,1.95,6.2,0.0,0.0,,13,False
5165X,2026-07-28 00:00:00+00:00,37.9,29.8,34.93,33.85,33.0,25.9,22.0,,,0.0,0.0,,11,False
5181D,2026-07-28 00:00:00+00:00,41.3,28.7,36.8,35.0,32.0,19.7,14.0,2.55,6.9,0.0,0.0,,13,False
5192,2026-07-28 00:00:00+00:00,39.3,29.7,34.6,34.5,29.0,18.4,12.0,3.04,8.6,0.0,0.0,576.0,13,False
5210X,2026-07-28 00:00:00+00:00,40.5,28.7,36.29,34.6,42.0,27.2,21.0,1.57,5.5,0.0,0.0,,12,False
5246,2026-07-28 00:00:00+00:00,39.3,28.3,34.95,33.8,30.0,20.7,15.0,1.95,6.3,0.0,0.0,588.0,13,False
5270B,2026-07-28 00:00:00+00:00,39.4,30.4,35.55,34.9,28.0,21.8,18.0,2.6,7.1,0.0,0.0,573.7,13,False
5281X,2026-07-28 00:00:00+00:00,40.8,28.8,36.82,34.8,40.0,26.4,20.0,1.42,6.3,0.0,0.0,,12,False
5298X,2026-07-28 00:00:00+00:00,41.8,31.3,37.04,36.55,29.0,22.8,17.0,3.0,7.6,0.0,0.0,,12,False
5304Y,2026-07-28 00:00:00+00:00,39.8,30.7,36.51,35.25,24.0,16.4,12.0,1.85,6.4,0.0,0.0,,12,False
5341C,2026-07-28 00:00:00+00:00,39.2,32.5,36.48,35.85,24.0,19.6,16.0,2.27,6.8,0.0,0.0,,10,False
5346X,2026-07-28 00:00:00+00:00,38.6,30.2,35.77,34.4,29.0,23.9,19.0,,,0.0,0.0,,11,False
5361X,2026-07-28 00:00:00+00:00,41.4,31.2,38.14,36.3,31.0,21.5,17.0,1.89,7.0,0.0,0.0,,11,False
5390Y,2026-07-28 00:00:00+00:00,37.7,27.7,34.22,32.7,24.0,19.2,15.0,2.56,7.5,0.0,0.0,516.0,12,False
5394X,2026-07-28 00:00:00+00:00,38.6,27.3,34.49,32.95,35.0,24.3,18.0,2.57,7.9,0.0,0.0,,12,False
5402,2026-07-28 00:00:00+00:00,40.3,30.0,36.5,35.15,26.0,18.0,14.0,2.57,7.2,0.0,0.0,602.0,12,False
5406X,2026-07-28 00:00:00+00:00,38.4,26.0,33.74,32.2,41.0,28.1,21.0,1.88,10.5,0.0,0.0,,12,False
5412X,2026-07-28 00:00:00+00:00,37.5,28.6,34.51,33.05,35.0,28.2,25.0,4.33,9.4,0.0,0.0,,12,False
5427X,2026-07-28 00:00:00+00:00,36.4,26.6,32.46,31.5,34.0,27.8,23.0,3.33,9.2,0.0,0.0,,12,False
5429X,2026-07-28 00:00:00+00:00,39.4,30.0,36.05,34.7,31.0,24.4,20.0,2.71,7.3,0.0,0.0,,12,False
5459X,2026-07-28 00:00:00+00:00,39.2,28.6,36.39,33.9,32.0,24.9,21.0,1.65,6.1,0.0,0.0,,11,False
5470,2026-07-28 00:00:00+00:00,39.9,30.4,36.72,35.15,31.0,21.8,16.0,2.76,7.3,0.0,0.0,,11,False
5473X,2026-07-28 00:00:00+00:00,37.6,29.3,34.78,33.45,27.0,20.2,17.0,3.04,8.9,0.0,0.0,,12,False
5511,2026-07-28 00:00:00+00:00,21.0,16.9,18.97,18.95,44.0,35.1,28.0,3.88,10.6,,,,12,False
5514Z,2026-07-28 00:00:00+00:00,37.3,24.0,33.19,30.65,45.0,28.6,20.0,4.32,9.1,0.0,0.0,582.2,12,False
5515D,2026-07-28 00:00:00+00:00,35.0,25.3,31.22,30.15,38.0,28.9,22.0,3.38,9.1,0.0,0.0,,12,False
5515X,2026-07-28 00:00:00+00:00,38.9,27.5,34.18,33.2,43.0,29.2,21.0,1.17,5.2,0.0,0.0,,12,False
5516D,2026-07-28 00:00:00+00:00,22.8,18.7,20.2,20.75,45.0,33.1,23.0,3.77,14.0,,,,12,False
5530E,2026-07-28 00:00:00+00:00,39.8,28.9,35.48,34.35,37.0,24.6,16.0,3.6,9.3,0.0,0.0,577.0,12,False
5582A,2026-07-28 00:00:00+00:00,38.9,27.3,34.15,33.1,31.0,22.8,17.0,2.46,6.9,0.0,0.0,,12,False
5598X,2026-07-28 00:00:00+00:00,36.0,26.1,32.46,31.05,35.0,28.8,25.0,5.41,12.7,0.0,0.0,,12,False
5612B,2026-07-28 00:00:00+00:00,35.3,25.9,32.09,30.6,38.0,23.0,16.0,5.04,13.0,0.0,0.0,547.0,12,False
5612X,2026-07-28 00:00:00+00:00,34.6,28.5,32.29,31.55,38.0,26.8,22.0,,,0.0,0.0,,11,False
5624X,2026-07-28 00:00:00+00:00,37.8,29.7,34.62,33.75,34.0,27.1,21.0,3.52,9.5,0.0,0.0,,11,False
5625X,2026-07-28 00:00:00+00:00,39.7,30.8,36.32,35.25,36.0,28.9,25.0,2.78,8.6,0.0,0.0,,11,False
5641X,2026-07-28 00:00:00+00:00,39.7,31.0,36.25,35.35,31.0,20.3,13.0,4.84,12.5,0.0,0.0,,12,False
5654X,2026-07-28 00:00:00+00:00,39.8,27.1,35.88,33.45,37.0,26.5,21.0,2.36,10.8,0.0,0.0,,12,False
5656,2026-07-28 00:00:00+00:00,40.3,33.3,37.55,36.8,30.0,20.1,16.0,3.13,7.9,0.0,0.0,,11,False
5702X,2026-07-28 00:00:00+00:00,40.3,30.6,37.06,35.45,45.0,24.1,15.0,2.97,8.7,0.0,0.0,,11,False
5704B,2026-07-28 00:00:00+00:00,36.8,26.3,33.19,31.55,41.0,23.2,17.0,2.2,7.5,0.0,0.0,,12,False
5726X,2026-07-28 00:00:00+00:00,31.0,28.4,31.0,29.7,26.0,26.0,26.0,3.4,6.6,0.0,0.0,,1,False
5733X,2026-07-28 00:00:00+00:00,37.9,29.5,34.62,33.7,45.0,22.3,14.0,2.22,6.4,0.0,0.0,,11,False
5769X,2026-07-28 00:00:00+00:00,36.7,28.6,33.98,32.65,47.0,28.4,22.0,1.0,6.2,0.0,0.0,,11,False
5783,2026-07-28 00:00:00+00:00,40.7,29.1,36.31,34.9,53.0,29.8,18.0,3.56,10.3,0.0,0.0,580.0,12,False
5788X,2026-07-28 00:00:00+00:00,39.2,27.3,34.34,33.25,62.0,32.6,18.0,2.58,7.8,0.0,0.0,,12,False
5790Y,2026-07-28 00:00:00+00:00,40.1,28.9,35.97,34.5,59.0,35.1,24.0,2.13,7.7,0.0,0.0,,12,False
5796,2026-07-28 00:00:00+00:00,40.0,27.5,35.6,33.75,62.0,26.6,17.0,1.77,9.7,0.0,0.0,,12,False
5835X,2026-07-28 00:00:00+00:00,38.6,30.4,35.56,34.5,54.0,32.5,23.0,2.87,9.5,0.0,0.0,,11,False
5860E,2026-07-28 00:00:00+00:00,30.1,22.7,26.0,26.4,90.0,68.8,43.0,2.62,8.0,0.0,0.0,,12,False
5860H,2026-07-28 00:00:00+00:00,35.1,22.9,28.9,29.0,89.0,58.8,30.0,4.02,8.8,0.0,0.0,,12,False
5906X,2026-07-28 00:00:00+00:00,36.3,26.5,33.16,31.4,69.0,38.9,25.0,5.44,13.2,0.0,0.0,,11,False
5910X,2026-07-28 00:00:00+00:00,35.5,25.8,32.42,30.65,76.0,48.9,40.0,,,0.0,0.0,,11,False
5911A,2026-07-28 00:00:00+00:00,32.6,24.7,30.02,28.65,23.0,20.8,16.0,1.44,7.3,0.0,0.0,,12,False
5911X,2026-07-28 00:00:00+00:00,31.9,27.4,29.77,29.65,22.0,20.7,20.0,3.93,8.7,0.0,0.0,,3,False
5919X,2026-07-28 00:00:00+00:00,38.0,30.4,34.8,34.2,27.0,23.2,18.0,2.05,6.4,0.0,0.0,,11,False
5941X,2026-07-28 00:00:00+00:00,34.9,27.6,32.53,31.25,52.0,35.8,26.0,4.71,10.9,0.0,0.0,,11,False
5950X,2026-07-28 00:00:00+00:00,31.3,28.9,30.67,30.1,39.0,37.3,36.0,3.73,10.6,0.0,0.0,,3,False
5960,2026-07-28 00:00:00+00:00,36.9,26.9,33.55,31.9,65.0,38.9,28.0,4.02,10.3,0.0,0.0,593.0,12,False
5972X,2026-07-28 00:00:00+00:00,35.2,27.0,32.42,31.1,63.0,45.4,37.0,3.63,11.6,0.0,0.0,,12,False
5972Y,2026-07-28 00:00:00+00:00,34.5,27.3,31.72,30.9,65.0,49.0,42.0,3.01,10.9,0.0,0.0,,12,False
5973,2026-07-28 00:00:00+00:00,31.9,24.9,29.03,28.4,83.0,63.4,53.0,6.74,11.2,0.0,0.0,,12,False
5983X,2026-07-28 00:00:00+00:00,32.9,26.6,30.68,29.75,69.0,51.7,42.0,8.76,15.7,0.0,0.0,,11,False
5996B,2026-07-28 00:00:00+00:00,32.7,25.0,29.14,28.85,83.0,64.8,51.0,7.34,14.7,0.0,0.0,,11,False
5998X,2026-07-28 00:00:00+00:00,37.0,31.8,34.85,34.4,30.0,23.5,17.0,5.08,11.8,0.0,0.0,,11,False
6000A,2026-07-28 00:00:00+00:00,29.5,25.8,27.76,27.65,82.0,77.8,73.0,3.36,8.1,0.0,0.0,313.7,12,False
6001,2026-07-28 00:00:00+00:00,29.0,24.9,27.17,26.95,87.0,75.9,70.0,10.53,20.4,0.0,0.0,,12,False
6032X,2026-07-28 00:00:00+00:00,33.9,27.2,31.44,30.55,37.0,30.6,25.0,2.81,9.2,0.0,0.0,,11,False
6040X,2026-07-28 00:00:00+00:00,34.2,23.6,29.73,28.9,78.0,47.2,27.0,1.37,7.1,0.0,0.0,,12,False
6042I,2026-07-28 00:00:00+00:00,30.9,26.1,29.32,28.5,75.0,60.7,52.0,4.98,12.1,0.0,0.0,,11,False
6045X,2026-07-28 00:00:00+00:00,32.2,24.9,29.74,28.55,58.0,43.2,39.0,3.09,10.3,0.0,0.0,,11,False
6050X,2026-07-28 00:00:00+00:00,31.0,22.6,28.15,26.8,73.0,49.4,35.0,2.56,7.7,0.0,0.0,,11,False
6056X,2026-07-28 00:00:00+00:00,28.7,24.0,26.18,26.35,86.0,79.5,75.0,2.07,4.7,0.0,0.0,,11,False
6057X,2026-07-28 00:00:00+00:00,30.6,25.1,28.55,27.85,78.0,66.9,62.0,3.83,9.7,0.0,0.0,,11,False
6058I,2026-07-28 00:00:00+00:00,32.4,25.6,29.49,29.0,61.0,50.0,43.0,2.64,6.6,0.0,0.0,382.0,12,False
6069X,2026-07-28 00:00:00+00:00,29.3,23.1,26.95,26.2,69.0,54.8,43.0,1.72,7.4,0.0,0.0,,12,False
6076X,2026-07-28 00:00:00+00:00,28.9,24.3,26.33,26.6,78.0,71.6,65.0,2.75,7.2,0.0,0.0,,11,False
6083X,2026-07-28 00:00:00+00:00,29.9,25.7,27.38,27.8,76.0,71.0,59.0,2.14,7.0,0.0,0.0,,12,False
6088X,2026-07-28 00:00:00+00:00,31.3,28.2,29.91,29.75,56.0,46.5,39.0,1.72,6.6,0.0,0.0,,11,False
6100B,2026-07-28 00:00:00+00:00,36.1,27.7,32.78,31.9,29.0,24.9,20.0,,,0.0,0.0,,12,False
6106X,2026-07-28 00:00:00+00:00,33.9,27.1,31.17,30.5,45.0,26.5,22.0,3.26,10.4,0.0,0.0,,12,False
6127X,2026-07-28 00:00:00+00:00,33.3,27.8,31.19,30.55,57.0,38.6,30.0,5.95,11.8,0.0,0.0,,11,False
6143X,2026-07-28 00:00:00+00:00,33.3,26.2,30.29,29.75,51.0,38.3,27.0,,,0.0,0.0,,12,False
6155A,2026-07-28 00:00:00+00:00,32.0,26.9,30.16,29.45,62.0,52.1,42.0,3.49,8.8,0.0,0.0,555.0,12,False
6156X,2026-07-28 00:00:00+00:00,31.2,26.8,29.38,29.0,61.0,53.8,45.0,3.08,8.3,0.0,0.0,,12,False
6172Y,2026-07-28 00:00:00+00:00,29.4,26.0,27.92,27.7,69.0,64.0,59.0,1.73,4.9,0.0,0.0,,12,False
6175X,2026-07-28 00:00:00+00:00,30.7,27.6,29.31,29.15,64.0,61.6,59.0,,,0.0,0.0,,11,False
6199X,2026-07-28 00:00:00+00:00,33.1,27.2,30.7,30.15,58.0,52.0,47.0,2.07,6.0,0.0,0.0,,12,False
6201X,2026-07-28 00:00:00+00:00,30.7,26.5,29.35,28.6,63.0,60.5,58.0,2.42,6.3,0.0,0.0,,11,False
6205X,2026-07-28 00:00:00+00:00,26.9,23.8,25.6,25.35,77.0,74.2,71.0,4.18,6.0,0.0,0.0,,12,False
6213X,2026-07-28 00:00:00+00:00,31.1,26.6,28.89,28.85,68.0,62.1,55.0,1.55,4.8,0.0,0.0,,11,False
6248D,2026-07-28 00:00:00+00:00,28.1,19.5,24.97,23.8,61.0,45.6,32.0,1.32,5.0,,,,11,False
6258X,2026-07-28 00:00:00+00:00,30.5,22.2,28.05,26.35,63.0,47.6,39.0,,,0.0,0.0,,11,False
6267X,2026-07-28 00:00:00+00:00,32.6,26.4,30.34,29.5,67.0,56.3,48.0,2.12,7.7,0.0,0.0,,11,False
6268Y,2026-07-28 00:00:00+00:00,31.1,24.5,28.38,27.8,78.0,61.9,52.0,2.02,6.4,0.0,0.0,,12,False
6272X,2026-07-28 00:00:00+00:00,31.2,26.4,29.62,28.8,57.0,48.8,42.0,2.32,6.3,0.0,0.0,,11,False
6277C,2026-07-28 00:00:00+00:00,31.1,26.3,28.42,28.7,66.0,60.8,53.0,2.7,6.4,0.0,0.0,,12,False
6281X,2026-07-28 00:00:00+00:00,36.4,25.0,32.48,30.7,47.0,32.5,21.0,,,0.0,0.0,,11,False
6291B,2026-07-28 00:00:00+00:00,35.7,27.4,32.51,31.55,60.0,38.4,25.0,,,0.0,0.0,,12,False
6293X,2026-07-28 00:00:00+00:00,31.5,25.5,28.72,28.5,75.0,64.2,52.0,4.4,10.8,0.0,0.0,556.0,12,False
6299I,2026-07-28 00:00:00+00:00,26.8,21.2,24.84,24.0,37.0,31.2,26.0,4.53,9.6,,,,8,False
6302X,2026-07-28 00:00:00+00:00,35.4,25.4,31.32,30.4,51.0,29.1,18.0,5.69,11.9,0.0,0.0,,12,False
6307C,2026-07-28 00:00:00+00:00,30.1,22.3,26.62,26.2,44.0,31.0,24.0,1.6,6.1,,,,12,False
6307X,2026-07-28 00:00:00+00:00,31.6,22.8,27.99,27.2,44.0,29.6,22.0,2.8,7.6,0.0,0.0,,11,False
6312E,2026-07-28 00:00:00+00:00,36.1,26.4,31.88,31.25,50.0,32.0,20.0,3.0,8.7,0.0,0.0,,12,False
6325O,2026-07-28 00:00:00+00:00,37.5,28.4,33.79,32.95,66.0,38.5,24.0,9.33,16.0,0.0,0.0,,12,False
6335O,2026-07-28 00:00:00+00:00,34.6,22.1,30.22,28.35,58.0,31.7,20.0,3.01,8.9,0.0,0.0,,12,False
6340X,2026-07-28 00:00:00+00:00,30.3,27.3,28.98,28.8,79.0,69.5,60.0,4.86,9.2,0.0,0.0,,12,False
6364X,2026-07-28 00:00:00+00:00,36.1,26.6,32.52,31.35,62.0,43.3,32.0,3.51,9.0,0.0,0.0,,11,False
6367X,2026-07-28 00:00:00+00:00,34.7,24.9,30.89,29.8,74.0,50.1,37.0,3.18,8.5,0.0,0.0,,12,False
6375X,2026-07-28 00:00:00+00:00,33.8,27.4,31.39,30.6,37.0,19.4,14.0,7.02,14.1,0.0,0.0,,11,False
7002Y,2026-07-28 00:00:00+00:00,32.8,27.4,30.22,30.1,70.0,54.3,43.0,4.56,10.5,0.0,0.0,538.0,12,False
7007Y,2026-07-28 00:00:00+00:00,34.2,27.3,31.77,30.75,72.0,49.5,40.0,4.61,10.2,0.0,0.0,,11,False
7012D,2026-07-28 00:00:00+00:00,31.2,26.9,29.41,29.05,78.0,61.5,54.0,3.64,8.8,0.0,0.0,,11,False
7012X,2026-07-28 00:00:00+00:00,33.6,28.2,31.19,30.9,75.0,58.1,49.0,3.2,8.5,0.0,0.0,,12,False
7019X,2026-07-28 00:00:00+00:00,30.8,27.3,29.54,29.05,79.0,68.5,63.0,5.36,8.2,0.0,0.0,,11,False
7023X,2026-07-28 00:00:00+00:00,33.3,27.7,31.3,30.5,71.0,49.4,37.0,,,0.0,0.0,,11,False
7026X,2026-07-28 00:00:00+00:00,32.3,26.7,30.05,29.5,79.0,61.2,51.0,2.78,8.1,0.0,0.0,,12,False
7031X,2026-07-28 00:00:00+00:00,31.1,27.1,29.3,29.1,79.0,68.4,61.0,5.47,15.4,0.0,0.0,563.0,12,False
7066Y,2026-07-28 00:00:00+00:00,35.8,24.9,32.06,30.35,56.0,35.2,27.0,,,0.0,0.0,,12,False
7067Y,2026-07-28 00:00:00+00:00,32.0,23.7,29.29,27.85,49.0,28.0,22.0,,,0.0,0.0,,11,False
7072Y,2026-07-28 00:00:00+00:00,33.6,23.9,30.96,28.75,57.0,41.1,34.0,,,0.0,0.0,,9,False
7080X,2026-07-28 00:00:00+00:00,31.8,24.5,29.62,28.15,51.0,42.6,38.0,,,0.0,0.0,,11,False
7096B,2026-07-28 00:00:00+00:00,34.4,24.8,30.34,29.6,51.0,34.2,27.0,3.3,8.4,0.0,0.0,,12,False
7103Y,2026-07-28 00:00:00+00:00,34.8,26.0,30.82,30.4,54.0,37.2,32.0,,,0.0,0.0,,12,False
7119B,2026-07-28 00:00:00+00:00,33.7,22.1,29.72,27.9,61.0,42.5,35.0,2.51,7.5,0.0,0.0,538.0,12,False
7121A,2026-07-28 00:00:00+00:00,34.9,27.3,32.35,31.1,51.0,35.2,25.0,3.91,9.3,0.0,0.0,,11,False
7127X,2026-07-28 00:00:00+00:00,32.0,25.3,29.49,28.65,57.0,48.2,41.0,,,0.0,0.0,,11,False
7138B,2026-07-28 00:00:00+00:00,35.0,27.1,31.87,31.05,55.0,40.3,31.0,2.84,8.7,0.0,0.0,,11,False
7145X,2026-07-28 00:00:00+00:00,36.1,27.0,32.56,31.55,68.0,38.9,26.0,5.23,11.0,0.0,0.0,,12,False
7158X,2026-07-28 00:00:00+00:00,35.2,27.7,32.44,31.45,61.0,44.5,36.0,,,0.0,0.0,,11,False
7168X,2026-07-28 00:00:00+00:00,34.1,25.3,30.83,29.7,70.0,45.1,34.0,3.52,8.5,0.0,0.0,,12,False
7178I,2026-07-28 00:00:00+00:00,34.6,27.1,31.58,30.85,74.0,46.0,28.0,4.04,8.8,0.0,0.0,572.5,12,False
7195X,2026-07-28 00:00:00+00:00,32.0,23.7,29.18,27.85,50.0,36.2,29.0,,,0.0,0.0,,11,False
7203A,2026-07-28 00:00:00+00:00,35.2,24.2,30.88,29.7,56.0,39.2,31.0,3.22,10.3,0.0,0.0,,12,False
7209,2026-07-28 00:00:00+00:00,34.4,26.1,31.01,30.25,62.0,41.2,32.0,4.23,8.9,0.0,0.0,,12,False
7211B,2026-07-28 00:00:00+00:00,35.1,25.6,31.32,30.35,68.0,47.9,35.0,,,0.0,0.0,,12,False
7218Y,2026-07-28 00:00:00+00:00,36.0,27.3,32.72,31.65,60.0,42.3,33.0,2.42,8.0,0.0,0.0,,11,False
7227X,2026-07-28 00:00:00+00:00,35.6,27.0,32.37,31.3,60.0,42.5,30.0,3.45,8.7,0.0,0.0,,11,False
7237E,2026-07-28 00:00:00+00:00,35.4,26.6,31.92,31.0,74.0,48.1,35.0,3.38,9.9,0.0,0.0,,12,False
7244X,2026-07-28 00:00:00+00:00,34.0,27.8,31.95,30.9,73.0,48.8,39.0,3.01,8.1,0.0,0.0,,11,False
7247X,2026-07-28 00:00:00+00:00,33.4,22.9,29.77,28.15,69.0,41.4,28.0,2.89,8.0,0.0,0.0,,12,False
7250C,2026-07-28 00:00:00+00:00,34.0,26.8,31.27,30.4,72.0,50.5,34.0,,,0.0,0.0,,11,False
7261X,2026-07-28 00:00:00+00:00,31.6,27.0,30.15,29.3,74.0,59.5,52.0,3.59,8.0,0.0,0.0,,11,False
7275C,2026-07-28 00:00:00+00:00,34.7,25.4,31.19,30.05,46.0,33.4,24.0,2.18,8.4,0.0,0.0,549.0,12,False
8005X,2026-07-28 00:00:00+00:00,35.3,28.0,33.3,31.65,50.0,37.2,32.0,,,0.0,0.0,,9,False
8008Y,2026-07-28 00:00:00+00:00,33.6,25.4,30.6,29.5,60.0,42.2,32.0,5.25,9.6,0.0,0.0,,11,False
8013X,2026-07-28 00:00:00+00:00,33.6,27.0,31.11,30.3,69.0,47.9,36.0,,,0.0,0.0,,11,False
8018X,2026-07-28 00:00:00+00:00,34.9,26.2,31.85,30.55,75.0,49.5,37.0,,,0.0,0.0,,11,False
8019,2026-07-28 00:00:00+00:00,31.6,27.1,29.51,29.35,76.0,62.8,55.0,4.21,8.8,0.0,0.0,563.0,12,False
8025,2026-07-28 00:00:00+00:00,32.0,27.0,29.92,29.5,75.0,59.7,45.0,2.68,6.9,0.0,0.0,563.0,12,False
8036Y,2026-07-28 00:00:00+00:00,32.3,26.9,30.18,29.6,74.0,63.3,56.0,2.22,6.4,0.0,0.0,,11,False
8050X,2026-07-28 00:00:00+00:00,32.5,26.0,29.71,29.25,78.0,61.7,52.0,3.37,9.3,0.0,0.0,540.0,12,False
8057C,2026-07-28 00:00:00+00:00,36.0,30.1,34.04,33.05,60.0,43.2,34.0,3.31,9.1,0.0,0.0,,10,False
8058X,2026-07-28 00:00:00+00:00,34.8,27.3,31.13,31.05,69.0,54.1,40.0,5.25,11.5,0.0,0.0,,12,False
8058Y,2026-07-28 00:00:00+00:00,34.0,26.8,31.12,30.4,70.0,57.3,43.0,3.99,11.7,0.0,0.0,,12,False
8059C,2026-07-28 00:00:00+00:00,34.8,26.5,31.67,30.65,56.0,40.7,33.0,2.5,10.3,0.0,0.0,,12,False
8072Y,2026-07-28 00:00:00+00:00,35.5,26.4,32.64,30.95,62.0,46.5,37.0,3.16,9.0,0.0,0.0,,11,False
8096,2026-07-28 00:00:00+00:00,36.9,28.2,33.85,32.55,30.0,18.6,12.0,1.96,5.8,0.0,0.0,443.3,12,False
8155Y,2026-07-28 00:00:00+00:00,36.3,28.6,33.95,32.45,31.0,26.0,21.0,3.31,8.1,0.0,0.0,,10,False
8175,2026-07-28 00:00:00+00:00,35.7,26.5,32.27,31.1,41.0,27.7,19.0,5.12,11.8,0.0,0.0,545.5,12,False
8177A,2026-07-28 00:00:00+00:00,34.5,25.1,30.85,29.8,43.0,30.9,25.0,5.36,10.1,0.0,0.0,,12,False
8178D,2026-07-28 00:00:00+00:00,35.9,27.2,32.51,31.55,41.0,30.1,23.0,2.38,8.1,0.0,0.0,,12,False
8191Y,2026-07-28 00:00:00+00:00,38.3,27.3,35.64,32.8,46.0,28.0,23.0,2.23,6.3,,,,9,False
8193E,2026-07-28 00:00:00+00:00,38.7,28.3,34.51,33.5,55.0,38.7,28.0,2.81,10.9,0.0,0.0,,11,False
8198Y,2026-07-28 00:00:00+00:00,35.2,28.7,32.95,31.95,40.0,31.1,26.0,1.82,6.5,0.0,0.0,,10,False
8203O,2026-07-28 00:00:00+00:00,34.6,24.3,30.67,29.45,53.0,38.6,25.0,4.05,9.5,0.0,0.0,,12,False
8210Y,2026-07-28 00:00:00+00:00,35.6,23.4,31.63,29.5,60.0,28.6,18.0,2.49,8.3,0.0,0.0,,10,False
8245Y,2026-07-28 00:00:00+00:00,36.6,26.4,33.29,31.5,50.0,27.3,17.0,,,0.0,0.0,,11,False
8270X,2026-07-28 00:00:00+00:00,35.6,29.4,33.57,32.5,53.0,42.4,36.0,2.53,7.3,0.0,0.0,,9,False
8283X,2026-07-28 00:00:00+00:00,36.2,29.2,33.79,32.7,55.0,42.0,36.0,1.8,5.7,0.0,0.0,,10,False
8293X,2026-07-28 00:00:00+00:00,36.7,26.9,33.05,31.8,75.0,47.1,35.0,2.62,7.0,0.0,0.0,532.0,12,False
8300X,2026-07-28 00:00:00+00:00,36.0,26.8,33.3,31.4,73.0,41.8,24.0,3.02,8.1,0.0,0.0,,12,False
8309X,2026-07-28 00:00:00+00:00,35.8,24.0,30.94,29.9,57.0,36.1,22.0,2.82,9.1,0.0,0.0,566.0,12,False
8325X,2026-07-28 00:00:00+00:00,32.1,25.1,29.82,28.6,82.0,65.9,58.0,4.89,11.4,0.0,0.0,,12,False
8328X,2026-07-28 00:00:00+00:00,31.4,26.3,29.44,28.85,87.0,73.0,65.0,4.27,10.7,0.0,0.0,,12,False
8337X,2026-07-28 00:00:00+00:00,34.2,27.3,32.37,30.75,71.0,49.8,42.0,,,0.0,0.0,,10,False
8354X,2026-07-28 00:00:00+00:00,36.0,26.6,33.04,31.3,49.0,25.3,16.0,2.98,11.0,0.0,0.0,,12,False
8368U,2026-07-28 00:00:00+00:00,38.3,24.7,33.09,31.5,57.0,28.9,14.0,1.94,8.8,0.0,0.0,563.3,12,False
8376,2026-07-28 00:00:00+00:00,32.4,21.1,28.39,26.75,62.0,34.9,21.0,3.42,10.5,0.0,0.0,,12,False
8381X,2026-07-28 00:00:00+00:00,37.2,24.8,33.5,31.0,55.0,34.9,24.0,,,0.0,0.0,,11,False
8395X,2026-07-28 00:00:00+00:00,35.4,23.5,31.04,29.45,77.0,46.1,32.0,3.47,10.1,0.0,0.0,,12,False
8409X,2026-07-28 00:00:00+00:00,34.8,25.0,31.0,29.9,78.0,53.8,41.0,3.18,8.8,0.0,0.0,,12,False
8414A,2026-07-28 00:00:00+00:00,32.7,27.5,30.6,30.1,74.0,59.0,49.0,4.57,9.3,0.0,0.0,562.0,12,False
8416,2026-07-28 00:00:00+00:00,30.7,27.6,29.42,29.15,75.0,65.4,58.0,3.31,10.9,0.0,0.0,,12,False
8433X,2026-07-28 00:00:00+00:00,35.4,23.4,30.9,29.4,59.0,37.2,26.0,3.33,8.4,0.0,0.0,,11,False
8439X,2026-07-28 00:00:00+00:00,32.2,21.8,28.57,27.0,74.0,53.8,42.0,2.59,8.8,0.0,0.0,,12,False
8446Y,2026-07-28 00:00:00+00:00,33.2,27.1,31.12,30.15,80.0,64.5,53.0,,,0.0,0.0,,11,False
8458X,2026-07-28 00:00:00+00:00,33.3,19.7,27.61,26.5,76.0,39.2,19.0,4.72,11.5,0.0,0.0,,12,False
8472A,2026-07-28 00:00:00+00:00,32.7,26.6,30.18,29.65,62.0,49.9,39.0,4.2,10.3,0.0,0.0,,9,False
8486X,2026-07-28 00:00:00+00:00,29.0,18.7,25.08,23.85,73.0,52.8,36.0,3.48,9.1,0.0,0.0,,12,False
8489X,2026-07-28 00:00:00+00:00,30.5,19.6,25.98,25.05,72.0,49.5,34.0,3.35,8.3,0.0,0.0,574.0,12,False
8492X,2026-07-28 00:00:00+00:00,35.3,28.3,32.59,31.8,56.0,42.6,38.0,3.91,9.4,0.0,0.0,,9,False
8500A,2026-07-28 00:00:00+00:00,32.8,26.6,30.26,29.7,78.0,61.7,51.0,2.75,8.2,0.0,0.0,558.5,12,False
8503Y,2026-07-28 00:00:00+00:00,31.3,26.2,29.45,28.75,76.0,66.6,58.0,4.08,9.3,0.0,0.0,,11,False
8518X,2026-07-28 00:00:00+00:00,32.4,25.6,29.87,29.0,73.0,61.5,48.0,5.21,11.7,0.0,0.0,,12,False
8520X,2026-07-28 00:00:00+00:00,26.1,20.5,24.2,23.3,72.0,62.5,48.0,2.86,8.1,0.0,0.0,,10,False
9001D,2026-07-28 00:00:00+00:00,34.7,23.7,31.33,29.2,45.0,25.7,17.0,2.89,9.5,0.0,0.0,,11,False
9001S,2026-07-28 00:00:00+00:00,28.8,14.4,24.25,21.6,56.0,31.7,18.0,2.48,11.2,0.0,0.0,,12,False
9012E,2026-07-28 00:00:00+00:00,34.0,25.5,31.66,29.75,30.0,22.9,14.0,,,0.0,0.0,,9,False
9016X,2026-07-28 00:00:00+00:00,36.8,21.7,32.5,29.25,54.0,26.8,17.0,2.49,10.6,0.0,0.0,,12,False
9019X,2026-07-28 00:00:00+00:00,36.1,22.0,31.93,29.05,53.0,24.0,13.0,2.83,9.3,0.0,0.0,,12,False
9031C,2026-07-28 00:00:00+00:00,36.6,24.3,33.46,30.45,47.0,26.8,19.0,2.92,8.3,0.0,0.0,,10,False
9051,2026-07-28 00:00:00+00:00,37.9,20.6,32.43,29.25,45.0,26.2,13.0,1.88,8.4,0.0,0.0,586.0,12,False
9060X,2026-07-28 00:00:00+00:00,35.4,22.4,30.92,28.9,47.0,30.7,19.0,2.14,10.2,0.0,0.0,,12,False
9069C,2026-07-28 00:00:00+00:00,40.1,25.0,35.07,32.55,48.0,30.7,20.0,1.38,5.8,0.0,0.0,,11,False
9073X,2026-07-28 00:00:00+00:00,36.4,23.5,32.09,29.95,48.0,30.7,21.0,2.06,13.9,0.0,0.0,,12,False
9091R,2026-07-28 00:00:00+00:00,39.2,23.5,33.07,31.35,54.0,31.9,17.0,3.65,10.3,0.0,0.0,608.0,12,False
9111,2026-07-28 00:00:00+00:00,35.0,23.4,30.75,29.2,40.0,28.2,21.0,2.18,8.6,0.0,0.0,,12,False
9115X,2026-07-28 00:00:00+00:00,27.6,21.9,25.39,24.75,31.0,26.1,18.0,2.69,9.5,0.0,0.0,,12,False
9121X,2026-07-28 00:00:00+00:00,38.6,24.0,33.43,31.3,46.0,30.7,20.0,,,0.0,0.0,,12,False
9122I,2026-07-28 00:00:00+00:00,36.2,22.0,31.8,29.1,59.0,34.5,25.0,2.04,5.7,0.0,0.0,,12,False
9136X,2026-07-28 00:00:00+00:00,33.8,21.5,29.17,27.65,52.0,36.8,27.0,,,0.0,0.0,,12,False
9141V,2026-07-28 00:00:00+00:00,37.7,23.8,32.04,30.75,55.0,38.2,25.0,1.58,5.5,0.0,0.0,,12,False
9145X,2026-07-28 00:00:00+00:00,34.5,22.6,30.65,28.55,51.0,36.3,27.0,,,0.0,0.0,,12,False
9145Y,2026-07-28 00:00:00+00:00,38.8,24.0,33.61,31.4,44.0,29.0,19.0,1.65,6.5,0.0,0.0,,12,False
9170,2026-07-28 00:00:00+00:00,38.3,25.0,33.25,31.65,53.0,30.0,19.0,2.15,6.7,0.0,0.0,585.0,12,False
9171K,2026-07-28 00:00:00+00:00,37.9,27.0,33.4,32.45,40.0,29.7,22.0,2.21,6.4,0.0,0.0,,12,False
9178X,2026-07-28 00:00:00+00:00,37.5,25.2,32.63,31.35,45.0,32.2,25.0,,,0.0,0.0,,12,False
9188,2026-07-28 00:00:00+00:00,34.1,24.7,31.22,29.4,44.0,32.3,28.0,3.61,9.2,0.0,0.0,,12,False
9195C,2026-07-28 00:00:00+00:00,21.8,16.9,19.72,19.35,41.0,35.3,26.0,3.27,10.7,0.0,0.0,,13,False
9198X,2026-07-28 00:00:00+00:00,32.9,20.9,26.88,26.9,51.0,32.5,22.0,0.51,4.4,0.0,0.0,,12,False
9201X,2026-07-28 00:00:00+00:00,35.9,24.8,32.38,30.35,35.0,23.6,20.0,2.43,8.9,0.0,0.0,,12,False
9207,2026-07-28 00:00:00+00:00,34.8,23.3,31.5,29.05,39.0,26.2,16.0,2.21,9.6,0.0,0.0,,12,False
9208E,2026-07-28 00:00:00+00:00,33.1,24.3,30.38,28.7,31.0,22.0,15.0,3.15,9.2,0.0,0.0,510.0,12,False
9211F,2026-07-28 00:00:00+00:00,36.2,28.6,32.93,32.4,34.0,26.7,21.0,3.48,8.2,0.0,0.0,,12,False
9218A,2026-07-28 00:00:00+00:00,36.3,20.8,30.83,28.55,68.0,31.2,15.0,2.63,9.6,0.0,0.0,,12,False
9228J,2026-07-28 00:00:00+00:00,35.9,23.8,31.79,29.85,63.0,35.8,23.0,4.04,11.0,0.0,0.0,,12,False
9228T,2026-07-28 00:00:00+00:00,32.9,20.5,27.96,26.7,74.0,46.5,28.0,2.51,8.4,0.0,0.0,,12,False
9238X,2026-07-28 00:00:00+00:00,37.2,24.8,33.45,31.0,48.0,29.5,21.0,,,0.0,0.0,,12,False
9244X,2026-07-28 00:00:00+00:00,37.0,27.0,33.31,32.0,32.0,24.2,19.0,2.59,7.8,0.0,0.0,,12,False
9245X,2026-07-28 00:00:00+00:00,39.8,28.1,35.29,33.95,39.0,28.1,22.0,2.35,8.7,0.0,0.0,,12,False
9252X,2026-07-28 00:00:00+00:00,37.1,27.2,33.17,32.15,51.0,33.8,21.0,1.51,6.9,0.0,0.0,,12,False
9257X,2026-07-28 00:00:00+00:00,35.2,22.8,29.72,29.0,65.0,39.6,23.0,,,0.0,0.0,,12,False
9262P,2026-07-28 00:00:00+00:00,37.5,25.5,33.48,31.5,46.0,29.5,22.0,2.9,10.1,0.0,0.0,,12,False
9263D,2026-07-28 00:00:00+00:00,38.7,26.0,34.57,32.35,40.0,27.1,17.0,2.62,9.3,0.0,0.0,585.0,12,False
9263X,2026-07-28 00:00:00+00:00,37.6,25.2,33.5,31.4,47.0,27.0,16.0,2.32,8.4,0.0,0.0,,12,False
9274X,2026-07-28 00:00:00+00:00,38.5,26.3,33.66,32.4,49.0,30.6,19.0,2.02,8.4,0.0,0.0,,12,False
9280B,2026-07-28 00:00:00+00:00,38.0,26.1,33.95,32.05,45.0,31.0,21.0,2.62,6.1,0.0,0.0,,12,False
9287A,2026-07-28 00:00:00+00:00,33.7,25.3,30.7,29.5,40.0,30.0,22.0,3.18,8.9,0.0,0.0,,11,False
9293X,2026-07-28 00:00:00+00:00,37.9,26.3,34.59,32.1,39.0,32.2,28.0,2.15,6.4,0.0,0.0,,12,False
9294E,2026-07-28 00:00:00+00:00,38.1,26.8,34.3,32.45,38.0,24.6,18.0,3.66,9.5,0.0,0.0,591.0,12,False
9299X,2026-07-28 00:00:00+00:00,36.7,26.4,33.43,31.55,42.0,31.1,24.0,2.26,8.1,0.0,0.0,,12,False
9301X,2026-07-28 00:00:00+00:00,37.7,26.7,33.94,32.2,43.0,28.3,21.0,,,0.0,0.0,,12,False
9302Y,2026-07-28 00:00:00+00:00,38.4,26.0,34.18,32.2,45.0,33.6,25.0,2.11,7.0,0.0,0.0,,12,False
9311X,2026-07-28 00:00:00+00:00,36.4,25.2,32.93,30.8,40.0,26.2,19.0,3.61,9.0,0.0,0.0,,12,False
9321Y,2026-07-28 00:00:00+00:00,39.2,26.9,34.78,33.05,46.0,31.6,21.0,2.99,8.0,0.0,0.0,,12,False
9336D,2026-07-28 00:00:00+00:00,37.5,29.3,34.09,33.4,44.0,29.0,21.0,3.72,9.7,0.0,0.0,,12,False
9344C,2026-07-28 00:00:00+00:00,37.0,27.7,34.47,32.35,33.0,21.5,18.0,2.58,11.6,0.0,0.0,,11,False
9352A,2026-07-28 00:00:00+00:00,37.0,29.9,34.21,33.45,33.0,22.2,16.0,3.31,9.1,0.0,0.0,,8,False
9354X,2026-07-28 00:00:00+00:00,39.1,28.0,35.58,33.55,31.0,16.4,10.0,,,0.0,0.0,,12,False
9374X,2026-07-28 00:00:00+00:00,36.6,24.7,32.37,30.65,57.0,29.7,18.0,3.37,10.0,0.0,0.0,,12,False
9377Y,2026-07-28 00:00:00+00:00,36.6,25.9,33.14,31.25,33.0,21.4,16.0,2.13,7.0,0.0,0.0,,11,False
9381I,2026-07-28 00:00:00+00:00,36.9,27.0,33.43,31.95,31.0,18.0,10.0,2.83,9.5,0.0,0.0,547.2,12,False
9390,2026-07-28 00:00:00+00:00,39.1,28.7,34.32,33.9,32.0,22.6,15.0,2.32,9.0,0.0,0.0,,12,False
9394X,2026-07-28 00:00:00+00:00,39.5,26.4,35.3,32.95,36.0,19.8,12.0,1.62,7.7,0.0,0.0,596.0,12,False
9427X,2026-07-28 00:00:00+00:00,40.4,28.3,35.77,34.35,39.0,28.3,21.0,2.15,7.1,0.0,0.0,,12,False
9434,2026-07-28 00:00:00+00:00,38.7,26.4,35.19,32.55,41.0,25.2,16.0,3.29,9.3,0.0,0.0,585.8,12,False
9434P,2026-07-28 00:00:00+00:00,39.5,26.7,35.48,33.1,38.0,24.7,16.0,2.05,6.9,0.0,0.0,593.0,12,False
9436X,2026-07-28 00:00:00+00:00,34.2,24.0,30.02,29.1,56.0,30.8,20.0,2.77,13.7,0.0,0.0,,12,False
9445L,2026-07-28 00:00:00+00:00,26.1,19.0,23.57,22.55,42.0,31.0,24.0,2.12,8.6,0.0,0.0,,13,False
9451F,2026-07-28 00:00:00+00:00,25.0,19.6,22.91,22.3,43.0,34.8,32.0,3.65,11.4,0.0,0.0,,13,False
9453X,2026-07-28 00:00:00+00:00,32.1,21.0,28.79,26.55,43.0,27.7,21.0,1.55,7.4,0.0,0.0,,12,False
9460X,2026-07-28 00:00:00+00:00,36.6,23.9,33.24,30.25,40.0,23.3,18.0,1.87,9.5,0.0,0.0,,12,False
9491X,2026-07-28 00:00:00+00:00,36.7,27.9,32.94,32.3,55.0,38.7,30.0,3.03,6.3,0.0,0.0,,12,False
9495Y,2026-07-28 00:00:00+00:00,38.8,30.1,34.82,34.45,44.0,31.1,18.0,3.03,8.5,0.0,0.0,,12,False
9501X,2026-07-28 00:00:00+00:00,37.8,29.0,33.94,33.4,46.0,29.7,23.0,3.28,8.5,0.0,0.0,,12,False
9510X,2026-07-28 00:00:00+00:00,39.9,27.4,35.62,33.65,44.0,30.0,21.0,2.11,9.0,0.0,0.0,,12,False
9513X,2026-07-28 00:00:00+00:00,34.9,27.8,32.41,31.35,48.0,33.5,27.0,3.45,9.5,0.0,0.0,,12,False
9531Y,2026-07-28 00:00:00+00:00,37.6,28.2,33.75,32.9,43.0,28.8,21.0,1.33,7.1,0.0,0.0,,12,False
9546B,2026-07-28 00:00:00+00:00,38.8,29.0,35.52,33.9,40.0,29.1,22.0,2.86,10.4,0.0,0.0,,12,False
9550C,2026-07-28 00:00:00+00:00,34.8,27.5,31.83,31.15,46.0,31.2,22.0,5.57,12.2,0.0,0.0,,12,False
9561X,2026-07-28 00:00:00+00:00,35.9,26.4,32.16,31.15,49.0,35.6,25.0,2.91,10.1,0.0,0.0,,12,False
9562X,2026-07-28 00:00:00+00:00,30.4,21.6,27.32,26.0,66.0,51.0,38.0,4.62,9.2,0.0,0.0,,12,False
9563X,2026-07-28 00:00:00+00:00,29.1,20.9,25.79,25.0,61.0,46.2,35.0,6.9,12.4,0.0,0.0,,12,False
9569A,2026-07-28 00:00:00+00:00,38.3,27.5,33.46,32.9,41.0,29.8,19.0,2.82,8.4,0.0,0.0,543.0,12,False
9573X,2026-07-28 00:00:00+00:00,38.1,28.9,34.5,33.5,45.0,30.8,21.0,2.88,7.8,0.0,0.0,,12,False
9574B,2026-07-28 00:00:00+00:00,39.0,26.2,33.23,32.6,52.0,34.2,18.0,3.75,10.7,0.0,0.0,541.0,12,False
9585,2026-07-28 00:00:00+00:00,27.8,18.1,24.33,22.95,73.0,45.1,29.0,2.87,10.5,0.0,0.0,508.6,11,False
9590,2026-07-28 00:00:00+00:00,32.3,24.8,30.85,28.55,34.0,31.0,28.0,3.1,7.3,0.0,0.0,,2,False
9590D,2026-07-28 00:00:00+00:00,25.5,15.9,21.99,20.7,63.0,42.8,32.0,1.72,7.9,,,,13,False
9622X,2026-07-28 00:00:00+00:00,36.0,25.7,32.7,30.85,35.0,26.2,22.0,3.32,8.9,0.0,0.0,,12,False
9638D,2026-07-28 00:00:00+00:00,35.5,31.2,34.27,33.35,30.0,29.0,28.0,7.1,11.8,0.0,0.0,,3,False
9647X,2026-07-28 00:00:00+00:00,37.0,27.0,33.76,32.0,44.0,30.6,21.0,,,0.0,0.0,,11,False
9650X,2026-07-28 00:00:00+00:00,37.6,30.3,35.09,33.95,34.0,23.3,17.0,,,0.0,0.0,,10,False
9657X,2026-07-28 00:00:00+00:00,33.7,24.1,30.92,28.9,42.0,28.6,24.0,2.12,7.6,0.0,0.0,,11,False
9677,2026-07-28 00:00:00+00:00,20.5,14.9,17.82,17.7,61.0,49.8,43.0,4.02,11.8,,,,13,False
9689X,2026-07-28 00:00:00+00:00,31.8,21.1,27.52,26.45,47.0,36.3,27.0,,,0.0,0.0,,12,False
9698U,2026-07-28 00:00:00+00:00,36.1,26.2,32.17,31.15,44.0,25.7,19.0,3.93,12.1,0.0,0.0,569.0,12,False
9707,2026-07-28 00:00:00+00:00,38.7,29.5,35.5,34.1,33.0,15.8,12.0,3.88,10.2,0.0,0.0,,11,False
9718X,2026-07-28 00:00:00+00:00,37.0,26.3,33.25,31.65,42.0,33.2,25.0,4.01,9.2,0.0,0.0,,11,False
9724X,2026-07-28 00:00:00+00:00,36.0,25.5,32.82,30.75,54.0,32.2,21.0,3.57,9.3,0.0,0.0,,12,False
9726E,2026-07-28 00:00:00+00:00,32.3,21.4,28.04,26.85,75.0,49.2,41.0,4.13,9.4,0.0,0.0,,12,False
9729X,2026-07-28 00:00:00+00:00,37.2,27.5,33.59,32.35,57.0,41.5,34.0,2.12,7.8,0.0,0.0,,11,False
9744B,2026-07-28 00:00:00+00:00,33.1,21.5,29.65,27.3,58.0,33.8,25.0,2.53,8.0,0.0,0.0,,11,False
9751,2026-07-28 00:00:00+00:00,35.7,26.3,32.61,31.0,38.0,27.4,21.0,2.92,10.0,0.0,0.0,,12,False
9756X,2026-07-28 00:00:00+00:00,34.3,25.7,31.48,30.0,61.0,34.4,26.0,2.61,10.5,0.0,0.0,,12,False
9771C,2026-07-28 00:00:00+00:00,38.7,27.9,33.84,33.3,51.0,35.9,21.0,2.14,7.3,0.0,0.0,576.3,12,False
9772X,2026-07-28 00:00:00+00:00,34.0,25.6,30.47,29.8,46.0,38.8,32.0,,,0.0,0.0,,12,False
9775X,2026-07-28 00:00:00+00:00,38.0,26.7,32.75,32.35,55.0,41.8,32.0,,,0.0,0.0,,12,False
9776D,2026-07-28 00:00:00+00:00,38.4,25.2,33.23,31.8,51.0,36.1,27.0,2.82,8.0,0.0,0.0,,12,False
9808X,2026-07-28 00:00:00+00:00,36.6,28.2,33.82,32.4,44.0,31.8,27.0,4.33,10.5,0.0,0.0,,12,False
9812M,2026-07-28 00:00:00+00:00,34.7,22.4,29.9,28.55,41.0,26.4,19.0,0.82,5.6,,,,12,False
9814I,2026-07-28 00:00:00+00:00,25.4,19.3,22.76,22.35,52.0,38.5,31.0,3.62,10.8,0.0,0.0,,13,False
9814X,2026-07-28 00:00:00+00:00,,,,,41.0,26.1,19.0,2.15,8.4,0.0,0.0,,12,False
9838B,2026-07-28 00:00:00+00:00,33.9,20.6,29.72,27.25,55.0,32.0,23.0,2.59,9.2,0.0,0.0,,12,False
9839V,2026-07-28 00:00:00+00:00,21.1,15.1,18.64,18.1,57.0,48.7,40.0,1.93,14.5,0.0,0.0,,13,False
9843A,2026-07-28 00:00:00+00:00,35.5,24.2,31.98,29.85,47.0,33.0,28.0,1.98,8.5,0.0,0.0,,12,False
9855E,2026-07-28 00:00:00+00:00,35.8,26.3,32.97,31.05,36.0,19.8,14.0,2.95,9.3,0.0,0.0,,12,False
9866C,2026-07-28 00:00:00+00:00,37.2,27.3,33.87,32.25,56.0,36.2,27.0,1.92,5.9,0.0,0.0,,12,False
9882X,2026-07-28 00:00:00+00:00,35.0,25.1,31.58,30.05,58.0,29.6,18.0,2.9,8.7,0.0,0.0,,12,False
9894Y,2026-07-28 00:00:00+00:00,37.3,27.2,33.43,32.25,58.0,39.0,29.0,2.48,6.6,0.0,0.0,,12,False
9898,2026-07-28 00:00:00+00:00,36.7,26.4,33.42,31.55,53.0,27.8,18.0,2.28,6.8,0.0,0.0,553.7,12,False
9901X,2026-07-28 00:00:00+00:00,36.1,28.9,33.34,32.5,46.0,34.9,28.0,,,0.0,0.0,,12,False
9908X,2026-07-28 00:00:00+00:00,36.0,26.9,32.76,31.45,49.0,37.0,29.0,3.28,7.7,0.0,0.0,,12,False
9911X,2026-07-28 00:00:00+00:00,37.2,27.9,33.5,32.55,57.0,42.5,35.0,2.91,8.1,0.0,0.0,,12,False
9918Y,2026-07-28 00:00:00+00:00,37.6,24.8,32.68,31.2,62.0,39.2,25.0,2.02,5.9,0.0,0.0,,12,False
9924X,2026-07-28 00:00:00+00:00,38.3,28.2,33.58,33.25,57.0,42.4,32.0,3.64,10.0,0.0,0.0,,12,False
9935X,2026-07-28 00:00:00+00:00,35.8,25.3,32.46,30.55,55.0,40.1,33.0,2.06,7.4,0.0,0.0,,12,False
9946X,2026-07-28 00:00:00+00:00,33.9,28.3,31.65,31.1,48.0,43.6,39.0,,,0.0,0.0,,11,False
9947X,2026-07-28 00:00:00+00:00,35.2,26.3,31.6,30.75,61.0,44.2,33.0,3.42,11.1,0.0,0.0,,11,False
9961X,2026-07-28 00:00:00+00:00,35.3,26.7,32.3,31.0,62.0,45.5,37.0,2.19,9.9,0.0,0.0,,11,False
9975X,2026-07-28 00:00:00+00:00,32.7,25.9,30.56,29.3,76.0,54.5,43.0,4.75,10.5,0.0,0.0,,11,False
9981A,2026-07-28 00:00:00+00:00,36.3,26.8,32.17,31.55,63.0,48.8,34.0,4.03,9.5,0.0,0.0,571.1,12,False
9987P,2026-07-28 00:00:00+00:00,29.3,25.2,27.5,27.25,91.0,80.4,73.0,5.28,9.5,0.0,0.0,,12,False
9988B,2026-07-28 00:00:00+00:00,22.4,14.5,18.42,18.45,57.0,43.1,29.0,2.45,12.3,,,,13,False
9990X,2026-07-28 00:00:00+00:00,35.0,20.4,30.22,27.7,51.0,28.0,18.0,1.78,7.2,0.0,0.0,,12,False
9994X,2026-07-28 00:00:00+00:00,34.2,22.0,30.82,28.1,68.0,40.7,28.0,1.35,7.7,0.0,0.0,,11,False
9995Y,2026-07-28 00:00:00+00:00,37.1,22.8,30.72,29.95,74.0,45.2,21.0,2.28,8.5,0.0,0.0,,12,False
9998X,2026-07-28 00:00:00+00:00,36.2,24.0,32.47,30.1,55.0,27.2,20.0,2.88,9.5,0.0,0.0,,12,False
B013X,2026-07-28 00:00:00+00:00,31.4,22.8,28.19,27.1,89.0,64.3,39.0,0.83,5.5,0.0,0.0,,12,False
B051A,2026-07-28 00:00:00+00:00,29.6,27.2,28.67,28.4,76.0,67.0,62.0,2.41,4.7,0.0,0.0,,12,False
B087X,2026-07-28 00:00:00+00:00,31.6,26.9,29.65,29.25,74.0,63.7,56.0,1.77,4.7,0.0,0.0,,11,False
B103B,2026-07-28 00:00:00+00:00,32.5,23.8,29.63,28.15,85.0,62.8,53.0,1.64,6.8,0.0,0.0,,12,False
B158X,2026-07-28 00:00:00+00:00,30.7,25.1,29.21,27.9,76.0,62.1,57.0,0.69,,0.0,0.0,,10,False
B228,2026-07-28 00:00:00+00:00,30.0,26.8,28.7,28.4,72.0,66.9,62.0,2.96,6.7,0.0,0.0,,12,False
B228D,2026-07-28 00:00:00+00:00,,,,,,,,4.12,7.3,,,,12,False
B236C,2026-07-28 00:00:00+00:00,32.5,22.6,29.46,27.55,83.0,56.9,43.0,3.04,7.7,0.0,0.0,,12,False
B275E,2026-07-28 00:00:00+00:00,31.6,26.1,29.47,28.85,74.0,56.5,31.0,3.75,8.1,0.0,0.0,,12,False
B278,2026-07-28 00:00:00+00:00,31.0,25.3,29.12,28.15,76.0,60.4,48.0,5.18,10.8,0.0,0.0,546.0,12,False
B301,2026-07-28 00:00:00+00:00,30.9,25.1,28.88,28.0,80.0,65.9,60.0,3.21,7.0,0.0,0.0,,12,False
B334X,2026-07-28 00:00:00+00:00,34.4,25.4,30.85,29.9,73.0,55.5,46.0,,,0.0,0.0,,12,False
B341X,2026-07-28 00:00:00+00:00,33.8,24.8,30.41,29.3,74.0,52.9,42.0,3.28,8.5,0.0,0.0,,12,False
B362X,2026-07-28 00:00:00+00:00,32.7,22.4,29.77,27.55,79.0,57.1,49.0,2.26,7.4,0.0,0.0,,12,False
B373X,2026-07-28 00:00:00+00:00,31.1,26.7,29.59,28.9,70.0,60.3,53.0,3.44,7.5,0.0,0.0,,11,False
B398A,2026-07-28 00:00:00+00:00,30.7,25.5,28.32,28.1,83.0,68.8,62.0,3.32,6.6,0.0,0.0,,12,False
B410B,2026-07-28 00:00:00+00:00,31.7,26.6,29.36,29.15,73.0,62.4,57.0,2.45,6.6,0.0,0.0,,12,False
B434X,2026-07-28 00:00:00+00:00,30.3,26.9,28.68,28.6,73.0,65.7,62.0,3.48,6.4,0.0,0.0,569.0,12,False
B496X,2026-07-28 00:00:00+00:00,31.4,27.5,30.2,29.45,70.0,62.5,58.0,2.69,7.2,0.0,0.0,,11,False
B526X,2026-07-28 00:00:00+00:00,33.1,25.8,30.51,29.45,73.0,58.6,52.0,,,0.0,0.0,,11,False
B569X,2026-07-28 00:00:00+00:00,31.8,27.0,29.05,29.4,73.0,64.6,55.0,3.74,6.6,0.0,0.0,,12,False
B603X,2026-07-28 00:00:00+00:00,32.3,27.1,30.41,29.7,64.0,56.8,52.0,,,0.0,0.0,,11,False
B605X,2026-07-28 00:00:00+00:00,31.8,25.4,29.56,28.6,72.0,62.8,58.0,1.73,6.8,0.0,0.0,,12,False
B614E,2026-07-28 00:00:00+00:00,32.7,24.7,30.71,28.7,78.0,57.8,53.0,2.28,8.5,0.0,0.0,,12,False
B640X,2026-07-28 00:00:00+00:00,34.0,24.8,30.42,29.4,71.0,51.5,37.0,3.0,8.4,0.0,0.0,,12,False
B644B,2026-07-28 00:00:00+00:00,33.3,25.6,30.43,29.45,72.0,53.8,40.0,2.19,7.5,0.0,0.0,,12,False
B656A,2026-07-28 00:00:00+00:00,33.1,25.1,30.24,29.1,73.0,53.7,43.0,2.69,7.5,0.0,0.0,,12,False
B662X,2026-07-28 00:00:00+00:00,33.5,26.4,31.05,29.95,67.0,52.0,43.0,2.91,8.1,0.0,0.0,,11,False
B684A,2026-07-28 00:00:00+00:00,29.5,18.2,25.75,23.85,92.0,63.6,46.0,,,0.0,0.0,,12,False
B691Y,2026-07-28 00:00:00+00:00,33.7,25.7,30.36,29.7,70.0,56.4,43.0,2.56,8.2,0.0,0.0,517.0,12,False
B760X,2026-07-28 00:00:00+00:00,32.9,26.7,30.79,29.8,70.0,58.7,51.0,1.89,6.2,0.0,0.0,,11,False
B780X,2026-07-28 00:00:00+00:00,32.9,28.0,30.86,30.45,69.0,56.6,50.0,2.18,8.0,0.0,0.0,,11,False
B800X,2026-07-28 00:00:00+00:00,32.9,25.8,29.95,29.35,86.0,66.1,56.0,1.08,,0.0,0.0,,12,False
B825B,2026-07-28 00:00:00+00:00,31.8,25.0,29.32,28.4,75.0,57.1,43.0,2.48,7.6,0.0,0.0,,12,False
B860X,2026-07-28 00:00:00+00:00,33.4,30.4,31.98,31.9,55.0,47.2,43.0,,,0.0,0.0,,9,False
B870C,2026-07-28 00:00:00+00:00,35.4,23.3,30.36,29.35,81.0,57.1,37.0,1.67,7.0,0.0,0.0,,12,False
B893,2026-07-28 00:00:00+00:00,30.2,25.2,28.07,27.7,69.0,60.4,54.0,3.23,7.7,0.0,0.0,555.0,12,False
B908X,2026-07-28 00:00:00+00:00,33.1,25.1,30.2,29.1,77.0,56.0,46.0,,,0.0,0.0,,11,False
B925,2026-07-28 00:00:00+00:00,33.7,25.4,30.48,29.55,77.0,55.1,43.0,2.17,7.3,0.0,0.0,,12,False
B954,2026-07-28 00:00:00+00:00,30.8,26.8,28.99,28.8,74.0,62.9,58.0,3.89,8.2,0.0,0.0,574.0,12,False
B957,2026-07-28 00:00:00+00:00,31.5,26.6,29.31,29.05,77.0,66.2,60.0,3.13,6.8,0.0,0.0,,12,False
B986,2026-07-28 00:00:00+00:00,31.8,26.0,29.42,28.9,78.0,64.1,58.0,3.09,8.1,0.0,0.0,,12,False
C018J,2026-07-28 00:00:00+00:00,26.1,19.8,23.98,22.95,85.0,63.0,54.0,7.03,12.2,0.0,0.0,,11,False
C019V,2026-07-28 00:00:00+00:00,26.8,23.7,25.73,25.25,71.0,63.0,60.0,5.52,11.5,0.0,0.0,,11,False
C029O,2026-07-28 00:00:00+00:00,29.8,22.9,27.12,26.35,74.0,55.4,47.0,7.56,12.9,0.0,0.0,613.0,12,False
C029R,2026-07-28 00:00:00+00:00,27.5,21.7,25.23,24.6,80.0,60.7,53.0,6.66,13.4,0.0,0.0,,12,False
C038N,2026-07-28 00:00:00+00:00,25.9,20.3,23.42,23.1,85.0,67.2,58.0,5.78,11.2,0.0,0.0,,12,False
C048W,2026-07-28 00:00:00+00:00,24.2,20.6,22.7,22.4,86.0,72.0,65.0,6.3,13.2,0.0,0.0,,11,False
C101A,2026-07-28 00:00:00+00:00,23.6,18.1,21.06,20.85,26.0,20.9,14.0,4.62,8.7,0.0,0.0,635.0,12,False
C117A,2026-07-28 00:00:00+00:00,22.8,18.7,21.15,20.75,87.0,75.0,65.0,2.12,6.7,0.0,0.0,,12,False
C117Z,2026-07-28 00:00:00+00:00,23.3,17.7,20.5,20.5,93.0,78.5,66.0,2.64,9.3,0.0,0.0,,12,False
C126A,2026-07-28 00:00:00+00:00,26.6,20.1,24.14,23.35,78.0,62.2,55.0,3.05,7.0,0.0,0.0,,11,False
C129V,2026-07-28 00:00:00+00:00,27.4,23.9,25.98,25.65,73.0,66.0,63.0,7.46,13.1,0.0,0.0,,11,False
C129X,2026-07-28 00:00:00+00:00,25.6,19.8,22.83,22.7,87.0,71.6,64.0,3.38,8.2,0.0,0.0,,12,False
C139E,2026-07-28 00:00:00+00:00,25.9,23.4,24.76,24.65,74.0,69.9,67.0,4.97,8.2,0.0,0.0,496.0,12,False
C148F,2026-07-28 00:00:00+00:00,25.6,20.3,23.5,22.95,80.0,67.0,57.0,2.92,6.7,0.0,0.0,,11,False
C229J,2026-07-28 00:00:00+00:00,28.1,24.2,26.42,26.15,71.0,57.8,51.0,3.18,10.0,0.0,0.0,,12,False
C239N,2026-07-28 00:00:00+00:00,27.8,24.5,25.37,26.15,70.0,65.8,54.0,5.27,14.3,0.0,0.0,,12,False
C248E,2026-07-28 00:00:00+00:00,28.4,20.8,25.06,24.6,82.0,62.5,53.0,7.59,12.9,0.0,0.0,,12,False
C249I,2026-07-28 00:00:00+00:00,26.5,23.1,24.96,24.8,79.0,69.9,65.0,6.68,10.3,0.0,0.0,585.0,12,False
C258K,2026-07-28 00:00:00+00:00,26.4,21.3,24.87,23.85,82.0,65.4,59.0,3.84,9.3,0.0,0.0,,12,False
C259X,2026-07-28 00:00:00+00:00,26.0,23.0,24.25,24.5,80.0,74.9,71.0,6.27,12.3,0.0,0.0,,11,False
C314Z,2026-07-28 00:00:00+00:00,29.4,22.6,25.68,26.0,47.0,29.7,12.0,2.85,6.9,0.0,0.0,,12,False
C316I,2026-07-28 00:00:00+00:00,25.3,18.1,22.56,21.7,84.0,68.5,63.0,3.17,8.9,0.0,0.0,,10,False
C317B,2026-07-28 00:00:00+00:00,23.4,16.4,19.76,19.9,93.0,79.8,68.0,1.78,6.1,0.0,0.0,,12,False
C319W,2026-07-28 00:00:00+00:00,29.8,23.1,25.96,26.45,77.0,68.4,58.0,2.83,6.4,0.0,0.0,,11,False
C328W,2026-07-28 00:00:00+00:00,25.4,21.4,23.73,23.4,76.0,68.7,60.0,2.34,7.1,0.0,0.0,,12,False
C329Z,2026-07-28 00:00:00+00:00,26.7,24.1,25.39,25.4,67.0,58.2,54.0,4.49,12.8,0.0,0.0,,12,False
C406G,2026-07-28 00:00:00+00:00,27.6,23.0,25.92,25.3,20.0,15.2,13.0,3.35,11.8,0.0,0.0,,11,False
C419L,2026-07-28 00:00:00+00:00,25.4,20.5,23.21,22.95,86.0,71.2,63.0,2.37,6.6,0.0,0.0,534.0,12,False
C419X,2026-07-28 00:00:00+00:00,27.4,24.3,26.26,25.85,69.0,63.2,61.0,,,0.0,0.0,,8,False
C428T,2026-07-28 00:00:00+00:00,25.4,21.2,24.11,23.3,80.0,67.9,62.0,5.44,11.4,0.0,0.0,,10,False
C429I,2026-07-28 00:00:00+00:00,28.4,23.6,26.45,26.0,72.0,61.2,54.0,8.79,14.9,0.0,0.0,613.0,12,False
C430E,2026-07-28 00:00:00+00:00,25.9,19.6,23.35,22.75,19.0,14.7,12.0,2.87,9.7,0.0,0.0,625.9,12,False
C438N,2026-07-28 00:00:00+00:00,24.5,20.4,22.79,22.45,76.0,67.1,60.0,3.61,8.2,0.0,0.0,,11,False
C439J,2026-07-28 00:00:00+00:00,26.6,22.8,24.69,24.7,70.0,63.8,54.0,6.18,12.4,0.0,0.0,,12,False
C446G,2026-07-28 00:00:00+00:00,21.2,15.3,18.04,18.25,98.0,84.5,71.0,6.37,14.4,0.0,0.0,,12,False
C447A,2026-07-28 00:00:00+00:00,24.0,18.2,21.18,21.1,92.0,75.2,65.0,7.85,13.4,0.0,0.0,605.0,12,False
C449C,2026-07-28 00:00:00+00:00,29.9,24.4,27.65,27.15,58.0,46.8,39.0,3.13,10.6,0.0,0.0,621.3,12,False
C449F,2026-07-28 00:00:00+00:00,28.2,25.1,27.14,26.65,60.0,56.3,53.0,4.29,12.0,0.0,0.0,,9,False
C457I,2026-07-28 00:00:00+00:00,22.5,17.5,20.82,20.0,83.0,75.9,68.0,2.81,6.6,0.0,0.0,,12,False
C458A,2026-07-28 00:00:00+00:00,25.0,20.8,23.1,22.9,79.0,70.9,61.0,3.62,9.7,0.0,0.0,,11,False
C458Z,2026-07-28 00:00:00+00:00,23.1,20.0,21.35,21.55,83.0,74.8,66.0,2.28,6.3,0.0,0.0,,12,False
C468X,2026-07-28 00:00:00+00:00,20.7,17.2,18.41,18.95,98.0,91.6,86.0,2.55,7.3,0.0,0.0,,12,False
C469E,2026-07-28 00:00:00+00:00,25.8,22.8,24.13,24.3,75.0,70.7,66.0,4.11,7.8,0.0,0.0,,12,False
C611E,2026-07-28 00:00:00+00:00,29.2,21.3,26.85,25.25,35.0,23.2,13.0,1.98,5.4,0.0,0.0,,12,False
C612F,2026-07-28 00:00:00+00:00,27.1,22.3,24.96,24.7,51.0,35.0,14.0,1.5,4.5,,,,12,False
C614H,2026-07-28 00:00:00+00:00,30.2,22.2,26.74,26.2,59.0,39.1,26.0,1.32,5.3,0.0,0.0,,12,False
C619X,2026-07-28 00:00:00+00:00,27.0,24.1,25.78,25.55,71.0,64.3,59.0,6.7,13.1,0.0,0.0,,12,False
C619Y,2026-07-28 00:00:00+00:00,26.9,23.4,25.35,25.15,70.0,61.6,56.0,9.08,17.6,0.0,0.0,607.0,12,False
C623I,2026-07-28 00:00:00+00:00,27.9,24.1,26.53,26.0,58.0,48.9,33.0,1.58,5.6,0.0,0.0,,12,False
C625O,2026-07-28 00:00:00+00:00,28.3,22.2,26.07,25.25,67.0,58.2,52.0,1.76,7.1,0.0,0.0,,12,False
C628B,2026-07-28 00:00:00+00:00,32.0,23.3,27.95,27.65,67.0,55.5,46.0,4.74,9.4,0.0,0.0,,12,False
C629Q,2026-07-28 00:00:00+00:00,25.5,23.2,23.89,24.35,80.0,77.2,71.0,3.61,7.3,,,,12,False
C629X,2026-07-28 00:00:00+00:00,26.0,23.0,24.56,24.5,77.0,72.5,67.0,3.41,8.5,0.0,0.0,,12,False
C635B,2026-07-28 00:00:00+00:00,30.2,23.6,27.56,26.9,60.0,48.4,42.0,1.36,5.3,0.0,0.0,,11,False
C639M,2026-07-28 00:00:00+00:00,28.7,23.9,26.5,26.3,75.0,63.8,58.0,2.84,8.2,0.0,0.0,,12,False
C639U,2026-07-28 00:00:00+00:00,28.4,23.2,26.33,25.8,70.0,60.2,54.0,7.48,15.3,0.0,0.0,,12,False
C648C,2026-07-28 00:00:00+00:00,28.3,24.1,26.6,26.2,63.0,55.0,50.0,8.11,15.6,0.0,0.0,,11,False
C648N,2026-07-28 00:00:00+00:00,27.7,20.6,25.03,24.15,72.0,58.7,51.0,5.52,11.5,0.0,0.0,,12,False
C649I,2026-07-28 00:00:00+00:00,27.9,23.1,25.85,25.5,73.0,62.2,55.0,12.18,17.5,0.0,0.0,608.0,12,False
C649R,2026-07-28 00:00:00+00:00,27.2,23.2,25.62,25.2,70.0,62.1,56.0,5.47,10.8,0.0,0.0,,12,False
C656V,2026-07-28 00:00:00+00:00,24.2,17.0,21.55,20.6,93.0,75.2,66.0,2.26,6.1,0.0,0.0,,11,False
C658X,2026-07-28 00:00:00+00:00,25.4,20.7,23.56,23.05,85.0,71.2,64.0,3.96,8.5,0.0,0.0,,12,False
C659M,2026-07-28 00:00:00+00:00,26.1,23.4,24.57,24.75,73.0,66.3,61.0,3.28,8.3,0.0,0.0,,12,False
C665T,2026-07-28 00:00:00+00:00,23.4,16.7,20.96,20.05,92.0,73.7,64.0,1.76,4.6,0.0,0.0,,11,False
C668V,2026-07-28 00:00:00+00:00,25.3,21.3,23.81,23.3,76.0,67.6,64.0,7.15,13.9,0.0,0.0,,11,False
C669B,2026-07-28 00:00:00+00:00,26.3,23.0,25.12,24.65,77.0,68.6,64.0,2.38,5.7,0.0,0.0,,11,False
C689E,2026-07-28 00:00:00+00:00,27.3,23.8,25.11,25.55,78.0,73.4,68.0,3.15,7.8,0.0,0.0,,12,False
C839X,2026-07-28 00:00:00+00:00,27.0,22.5,25.18,24.75,77.0,63.1,56.0,6.2,10.5,0.0,0.0,513.0,12,False
C916Q,2026-07-28 00:00:00+00:00,23.8,19.0,20.82,21.4,81.0,65.5,32.0,2.3,6.3,0.0,0.0,,11,False
C917E,2026-07-28 00:00:00+00:00,23.3,17.0,20.5,20.15,93.0,77.3,64.0,2.47,12.0,0.0,0.0,,12,False
C919K,2026-07-28 00:00:00+00:00,25.5,23.1,24.25,24.3,75.0,69.2,64.0,3.1,6.2,0.0,0.0,,11,False
C925F,2026-07-28 00:00:00+00:00,21.5,14.7,18.59,18.1,93.0,69.9,51.0,4.6,9.2,0.0,0.0,,12,False
C928I,2026-07-28 00:00:00+00:00,20.6,17.4,19.37,19.0,95.0,81.4,76.0,5.77,10.8,0.0,0.0,,11,False
C929I,2026-07-28 00:00:00+00:00,25.7,22.8,24.28,24.25,79.0,73.2,70.0,6.18,10.8,0.0,0.0,569.0,12,False
C939T,2026-07-28 00:00:00+00:00,26.9,23.8,24.92,25.35,74.0,71.1,67.0,2.58,7.2,0.0,0.0,,9,False
